-- MySQL dump 10.13  Distrib 5.6.39, for Linux (x86_64)
--
-- Host: localhost    Database: peer_assessment
-- ------------------------------------------------------
-- Server version	5.6.39

/*!40101 SET @OLD_CHARACTER_SET_CLIENT=@@CHARACTER_SET_CLIENT */;
/*!40101 SET @OLD_CHARACTER_SET_RESULTS=@@CHARACTER_SET_RESULTS */;
/*!40101 SET @OLD_COLLATION_CONNECTION=@@COLLATION_CONNECTION */;
/*!40101 SET NAMES utf8 */;
/*!40103 SET @OLD_TIME_ZONE=@@TIME_ZONE */;
/*!40103 SET TIME_ZONE='+00:00' */;
/*!40014 SET @OLD_UNIQUE_CHECKS=@@UNIQUE_CHECKS, UNIQUE_CHECKS=0 */;
/*!40014 SET @OLD_FOREIGN_KEY_CHECKS=@@FOREIGN_KEY_CHECKS, FOREIGN_KEY_CHECKS=0 */;
/*!40101 SET @OLD_SQL_MODE=@@SQL_MODE, SQL_MODE='NO_AUTO_VALUE_ON_ZERO' */;
/*!40111 SET @OLD_SQL_NOTES=@@SQL_NOTES, SQL_NOTES=0 */;

--
-- Table structure for table `announcements`
--

DROP TABLE IF EXISTS `announcements`;
/*!40101 SET @saved_cs_client     = @@character_set_client */;
/*!40101 SET character_set_client = utf8 */;
CREATE TABLE `announcements` (
  `id` int(10) unsigned NOT NULL AUTO_INCREMENT,
  `topic` varchar(255) COLLATE utf8mb4_unicode_ci NOT NULL,
  `contents` varchar(255) COLLATE utf8mb4_unicode_ci NOT NULL,
  `author_id` int(11) NOT NULL,
  `created_at` timestamp NULL DEFAULT NULL,
  `updated_at` timestamp NULL DEFAULT NULL,
  `course_id` varchar(100) COLLATE utf8mb4_unicode_ci DEFAULT NULL,
  `start_at` timestamp NULL DEFAULT NULL,
  `end_at` timestamp NULL DEFAULT NULL,
  `type` int(11) DEFAULT '0',
  PRIMARY KEY (`id`),
  KEY `announcements_teachers_id_fk` (`author_id`),
  CONSTRAINT `announcements_teachers_id_fk` FOREIGN KEY (`author_id`) REFERENCES `teachers` (`id`) ON DELETE CASCADE ON UPDATE CASCADE
) ENGINE=InnoDB DEFAULT CHARSET=utf8mb4 COLLATE=utf8mb4_unicode_ci;
/*!40101 SET character_set_client = @saved_cs_client */;

--
-- Dumping data for table `announcements`
--

LOCK TABLES `announcements` WRITE;
/*!40000 ALTER TABLE `announcements` DISABLE KEYS */;
/*!40000 ALTER TABLE `announcements` ENABLE KEYS */;
UNLOCK TABLES;

--
-- Table structure for table `chatter_discussion`
--

DROP TABLE IF EXISTS `chatter_discussion`;
/*!40101 SET @saved_cs_client     = @@character_set_client */;
/*!40101 SET character_set_client = utf8 */;
CREATE TABLE `chatter_discussion` (
  `slug` varchar(255) COLLATE utf8mb4_unicode_ci NOT NULL,
  `color` varchar(20) COLLATE utf8mb4_unicode_ci DEFAULT '#232629'
) ENGINE=InnoDB DEFAULT CHARSET=utf8mb4 COLLATE=utf8mb4_unicode_ci;
/*!40101 SET character_set_client = @saved_cs_client */;

--
-- Dumping data for table `chatter_discussion`
--

LOCK TABLES `chatter_discussion` WRITE;
/*!40000 ALTER TABLE `chatter_discussion` DISABLE KEYS */;
/*!40000 ALTER TABLE `chatter_discussion` ENABLE KEYS */;
UNLOCK TABLES;

--
-- Table structure for table `chatter_post`
--

DROP TABLE IF EXISTS `chatter_post`;
/*!40101 SET @saved_cs_client     = @@character_set_client */;
/*!40101 SET character_set_client = utf8 */;
CREATE TABLE `chatter_post` (
  `markdown` tinyint(1) NOT NULL DEFAULT '0',
  `locked` tinyint(1) NOT NULL DEFAULT '0'
) ENGINE=InnoDB DEFAULT CHARSET=utf8mb4 COLLATE=utf8mb4_unicode_ci;
/*!40101 SET character_set_client = @saved_cs_client */;

--
-- Dumping data for table `chatter_post`
--

LOCK TABLES `chatter_post` WRITE;
/*!40000 ALTER TABLE `chatter_post` DISABLE KEYS */;
/*!40000 ALTER TABLE `chatter_post` ENABLE KEYS */;
UNLOCK TABLES;

--
-- Table structure for table `chatter_user_discussion`
--

DROP TABLE IF EXISTS `chatter_user_discussion`;
/*!40101 SET @saved_cs_client     = @@character_set_client */;
/*!40101 SET character_set_client = utf8 */;
CREATE TABLE `chatter_user_discussion` (
  `user_id` int(10) unsigned NOT NULL,
  `discussion_id` int(10) unsigned NOT NULL
) ENGINE=InnoDB DEFAULT CHARSET=utf8mb4 COLLATE=utf8mb4_unicode_ci;
/*!40101 SET character_set_client = @saved_cs_client */;

--
-- Dumping data for table `chatter_user_discussion`
--

LOCK TABLES `chatter_user_discussion` WRITE;
/*!40000 ALTER TABLE `chatter_user_discussion` DISABLE KEYS */;
/*!40000 ALTER TABLE `chatter_user_discussion` ENABLE KEYS */;
UNLOCK TABLES;

--
-- Table structure for table `comments`
--

DROP TABLE IF EXISTS `comments`;
/*!40101 SET @saved_cs_client     = @@character_set_client */;
/*!40101 SET character_set_client = utf8 */;
CREATE TABLE `comments` (
  `id` int(10) unsigned NOT NULL AUTO_INCREMENT,
  `comment` text COLLATE utf8mb4_unicode_ci NOT NULL,
  `author_id` int(10) NOT NULL,
  `question_id` int(10) unsigned NOT NULL,
  `created_at` timestamp NULL DEFAULT NULL,
  `updated_at` timestamp NULL DEFAULT NULL,
  PRIMARY KEY (`id`),
  KEY `comments_users_id_fk` (`author_id`),
  KEY `comments_questions_id_fk` (`question_id`),
  CONSTRAINT `comments_questions_id_fk` FOREIGN KEY (`question_id`) REFERENCES `questions` (`id`) ON DELETE CASCADE ON UPDATE CASCADE,
  CONSTRAINT `comments_users_id_fk` FOREIGN KEY (`author_id`) REFERENCES `users` (`id`) ON DELETE CASCADE ON UPDATE CASCADE
) ENGINE=InnoDB AUTO_INCREMENT=29 DEFAULT CHARSET=utf8mb4 COLLATE=utf8mb4_unicode_ci;
/*!40101 SET character_set_client = @saved_cs_client */;

--
-- Dumping data for table `comments`
--

LOCK TABLES `comments` WRITE;
/*!40000 ALTER TABLE `comments` DISABLE KEYS */;
INSERT INTO `comments` VALUES (23,'bye',59,988,'2018-01-31 07:06:21','2018-01-31 07:06:21'),(24,'bad question',44,751,'2018-01-31 07:06:47','2018-01-31 07:06:47'),(25,'Good to know, thanks',55,751,'2018-01-31 07:07:27','2018-01-31 07:07:27'),(26,'the fact is false!',44,4,'2018-01-31 07:08:02','2018-01-31 07:08:02'),(27,'Good question!!',49,286,'2018-01-31 07:09:05','2018-01-31 07:09:05'),(28,'Natalie can help you.',55,640,'2018-01-31 07:09:25','2018-01-31 07:09:25');
/*!40000 ALTER TABLE `comments` ENABLE KEYS */;
UNLOCK TABLES;

--
-- Table structure for table `course_schedules`
--

DROP TABLE IF EXISTS `course_schedules`;
/*!40101 SET @saved_cs_client     = @@character_set_client */;
/*!40101 SET character_set_client = utf8 */;
CREATE TABLE `course_schedules` (
  `id` int(10) unsigned NOT NULL AUTO_INCREMENT,
  `course_id` varchar(100) COLLATE utf8mb4_unicode_ci NOT NULL,
  `week` varchar(255) COLLATE utf8mb4_unicode_ci NOT NULL,
  `created_at` timestamp NULL DEFAULT NULL,
  `updated_at` timestamp NULL DEFAULT NULL,
  `time_from` timestamp NULL DEFAULT NULL,
  `time_to` timestamp NULL DEFAULT NULL,
  PRIMARY KEY (`id`),
  KEY `course_schedules_courses_course_code_fk` (`course_id`),
  CONSTRAINT `course_schedules_courses_course_code_fk` FOREIGN KEY (`course_id`) REFERENCES `courses` (`course_code`) ON DELETE CASCADE ON UPDATE CASCADE
) ENGINE=InnoDB AUTO_INCREMENT=2 DEFAULT CHARSET=utf8mb4 COLLATE=utf8mb4_unicode_ci;
/*!40101 SET character_set_client = @saved_cs_client */;

--
-- Dumping data for table `course_schedules`
--

LOCK TABLES `course_schedules` WRITE;
/*!40000 ALTER TABLE `course_schedules` DISABLE KEYS */;
INSERT INTO `course_schedules` VALUES (1,'COMP2222','Wednesday','2018-01-29 15:24:55','2018-01-29 15:24:55','2018-01-29 06:00:00','2018-01-29 08:00:00');
/*!40000 ALTER TABLE `course_schedules` ENABLE KEYS */;
UNLOCK TABLES;

--
-- Table structure for table `courses`
--

DROP TABLE IF EXISTS `courses`;
/*!40101 SET @saved_cs_client     = @@character_set_client */;
/*!40101 SET character_set_client = utf8 */;
CREATE TABLE `courses` (
  `course_code` varchar(100) COLLATE utf8mb4_unicode_ci NOT NULL,
  `course_name` varchar(100) COLLATE utf8mb4_unicode_ci NOT NULL,
  `department` varchar(255) COLLATE utf8mb4_unicode_ci NOT NULL,
  `description` text COLLATE utf8mb4_unicode_ci NOT NULL,
  `instructor_id` int(11) NOT NULL,
  `created_at` timestamp NULL DEFAULT NULL,
  `updated_at` timestamp NULL DEFAULT NULL,
  `enroll_code` varchar(100) COLLATE utf8mb4_unicode_ci NOT NULL,
  `default_session` tinyint(1) DEFAULT '0',
  PRIMARY KEY (`course_code`),
  UNIQUE KEY `courses_course_code_uindex` (`course_code`),
  UNIQUE KEY `courses_course_name_uindex` (`course_name`),
  KEY `courses_teachers_id_fk` (`instructor_id`)
) ENGINE=InnoDB DEFAULT CHARSET=utf8mb4 COLLATE=utf8mb4_unicode_ci;
/*!40101 SET character_set_client = @saved_cs_client */;

--
-- Dumping data for table `courses`
--

LOCK TABLES `courses` WRITE;
/*!40000 ALTER TABLE `courses` DISABLE KEYS */;
INSERT INTO `courses` VALUES ('COMP2222','HCI','Computing','This is for testing',1,'2018-01-29 15:24:55','2018-01-29 15:24:55','1234',1);
/*!40000 ALTER TABLE `courses` ENABLE KEYS */;
UNLOCK TABLES;

--
-- Table structure for table `discussions`
--

DROP TABLE IF EXISTS `discussions`;
/*!40101 SET @saved_cs_client     = @@character_set_client */;
/*!40101 SET character_set_client = utf8 */;
CREATE TABLE `discussions` (
  `id` int(10) unsigned NOT NULL AUTO_INCREMENT,
  `contents` text COLLATE utf8mb4_unicode_ci NOT NULL,
  `author_id` int(10) NOT NULL,
  `created_at` timestamp NULL DEFAULT NULL,
  `updated_at` timestamp NULL DEFAULT NULL,
  `course_id` varchar(100) COLLATE utf8mb4_unicode_ci DEFAULT NULL,
  `topic` varchar(100) COLLATE utf8mb4_unicode_ci DEFAULT NULL,
  PRIMARY KEY (`id`),
  KEY `discussions_users_id_fk` (`author_id`),
  KEY `discussions_courses_course_code_fk` (`course_id`),
  CONSTRAINT `discussions_courses_course_code_fk` FOREIGN KEY (`course_id`) REFERENCES `courses` (`course_code`) ON DELETE CASCADE ON UPDATE CASCADE,
  CONSTRAINT `discussions_users_id_fk` FOREIGN KEY (`author_id`) REFERENCES `users` (`id`) ON DELETE CASCADE ON UPDATE CASCADE
) ENGINE=InnoDB AUTO_INCREMENT=3 DEFAULT CHARSET=utf8mb4 COLLATE=utf8mb4_unicode_ci;
/*!40101 SET character_set_client = @saved_cs_client */;

--
-- Dumping data for table `discussions`
--

LOCK TABLES `discussions` WRITE;
/*!40000 ALTER TABLE `discussions` DISABLE KEYS */;
INSERT INTO `discussions` VALUES (2,'AAA',46,'2018-01-31 07:13:53','2018-01-31 07:13:53','COMP2222','Funny');
/*!40000 ALTER TABLE `discussions` ENABLE KEYS */;
UNLOCK TABLES;

--
-- Table structure for table `enrollments`
--

DROP TABLE IF EXISTS `enrollments`;
/*!40101 SET @saved_cs_client     = @@character_set_client */;
/*!40101 SET character_set_client = utf8 */;
CREATE TABLE `enrollments` (
  `id` int(10) unsigned NOT NULL AUTO_INCREMENT,
  `student_id` int(11) DEFAULT NULL,
  `course_id` varchar(100) COLLATE utf8mb4_unicode_ci DEFAULT NULL,
  `grade` int(11) NOT NULL DEFAULT '0',
  `created_at` timestamp NULL DEFAULT NULL,
  `updated_at` timestamp NULL DEFAULT NULL,
  PRIMARY KEY (`id`),
  KEY `Enroll_Course_ID` (`course_id`) USING BTREE,
  KEY `enrollments_users_id_fk` (`student_id`),
  CONSTRAINT `enrollments_courses_course_code_fk` FOREIGN KEY (`course_id`) REFERENCES `courses` (`course_code`) ON DELETE CASCADE ON UPDATE CASCADE,
  CONSTRAINT `enrollments_users_id_fk` FOREIGN KEY (`student_id`) REFERENCES `users` (`id`) ON DELETE CASCADE ON UPDATE CASCADE
) ENGINE=InnoDB AUTO_INCREMENT=176 DEFAULT CHARSET=utf8mb4 COLLATE=utf8mb4_unicode_ci;
/*!40101 SET character_set_client = @saved_cs_client */;

--
-- Dumping data for table `enrollments`
--

LOCK TABLES `enrollments` WRITE;
/*!40000 ALTER TABLE `enrollments` DISABLE KEYS */;
INSERT INTO `enrollments` VALUES (151,1,'COMP2222',0,'2018-01-29 15:25:57','2018-01-29 15:25:57'),(152,41,'COMP2222',0,'2018-01-30 09:30:05','2018-01-30 09:30:05'),(153,42,'COMP2222',0,'2018-01-30 09:30:27','2018-01-30 09:30:27'),(154,43,'COMP2222',0,'2018-01-30 09:30:40','2018-01-30 09:30:40'),(155,44,'COMP2222',0,'2018-01-30 09:30:54','2018-01-30 09:30:54'),(156,45,'COMP2222',0,'2018-01-30 09:31:11','2018-01-30 09:31:11'),(157,46,'COMP2222',0,'2018-01-30 09:31:36','2018-01-30 09:31:36'),(158,47,'COMP2222',0,'2018-01-30 09:31:52','2018-01-30 09:31:52'),(159,49,'COMP2222',0,'2018-01-30 09:32:12','2018-01-30 09:32:12'),(160,50,'COMP2222',0,'2018-01-30 09:32:26','2018-01-30 09:32:26'),(161,48,'COMP2222',0,'2018-01-30 09:32:48','2018-01-30 09:32:48'),(162,51,'COMP2222',0,'2018-01-30 09:33:07','2018-01-30 09:33:07'),(163,52,'COMP2222',0,'2018-01-30 09:33:21','2018-01-30 09:33:21'),(164,54,'COMP2222',0,'2018-01-30 09:33:36','2018-01-30 09:33:36'),(165,53,'COMP2222',0,'2018-01-30 09:33:57','2018-01-30 09:33:57'),(166,55,'COMP2222',0,'2018-01-30 09:34:26','2018-01-30 09:34:26'),(167,56,'COMP2222',0,'2018-01-30 09:34:42','2018-01-30 09:34:42'),(168,57,'COMP2222',0,'2018-01-30 09:34:57','2018-01-30 09:34:57'),(169,58,'COMP2222',0,'2018-01-30 09:35:44','2018-01-30 09:35:44'),(170,59,'COMP2222',0,'2018-01-30 09:36:01','2018-01-30 09:36:01'),(171,60,'COMP2222',0,'2018-01-30 09:36:21','2018-01-30 09:36:21'),(172,61,'COMP2222',0,'2018-01-30 09:36:53','2018-01-30 09:36:53'),(173,62,'COMP2222',0,'2018-01-30 09:37:09','2018-01-30 09:37:09'),(174,63,'COMP2222',0,'2018-01-30 09:37:36','2018-01-30 09:37:36'),(175,3,'COMP2222',0,'2018-01-31 06:35:45','2018-01-31 06:35:45');
/*!40000 ALTER TABLE `enrollments` ENABLE KEYS */;
UNLOCK TABLES;

--
-- Table structure for table `keywords`
--

DROP TABLE IF EXISTS `keywords`;
/*!40101 SET @saved_cs_client     = @@character_set_client */;
/*!40101 SET character_set_client = utf8 */;
CREATE TABLE `keywords` (
  `id` int(10) unsigned NOT NULL AUTO_INCREMENT,
  `question_id` int(10) unsigned NOT NULL,
  `keyword` varchar(255) COLLATE utf8mb4_unicode_ci NOT NULL,
  `created_at` timestamp NULL DEFAULT NULL,
  `updated_at` timestamp NULL DEFAULT NULL,
  PRIMARY KEY (`id`),
  KEY `keywords_questions_id_fk` (`question_id`),
  CONSTRAINT `keywords_questions_id_fk` FOREIGN KEY (`question_id`) REFERENCES `questions` (`id`) ON DELETE CASCADE ON UPDATE CASCADE
) ENGINE=InnoDB AUTO_INCREMENT=442 DEFAULT CHARSET=utf8mb4 COLLATE=utf8mb4_unicode_ci;
/*!40101 SET character_set_client = @saved_cs_client */;

--
-- Dumping data for table `keywords`
--

LOCK TABLES `keywords` WRITE;
/*!40000 ALTER TABLE `keywords` DISABLE KEYS */;
INSERT INTO `keywords` VALUES (278,453,'POLYU COMP',NULL,NULL),(279,352,'MC',NULL,NULL),(280,216,'COMP',NULL,NULL),(281,673,'POLYU',NULL,NULL),(282,569,'POLYU',NULL,NULL),(283,569,'COMPUTING',NULL,NULL),(284,789,'POLYU COMP',NULL,NULL),(285,897,'GROUP',NULL,NULL),(286,14,'PROGRAMMING LANGUAGE',NULL,NULL),(287,713,'#GO',NULL,NULL),(288,713,'MC',NULL,NULL),(289,713,'POLYU COMP',NULL,NULL),(290,94,'MC',NULL,NULL),(291,622,'COMP',NULL,NULL),(292,822,'COMP2222',NULL,NULL),(293,279,'COMMON ROOM',NULL,NULL),(294,279,'DEPARTMENT OF COMPUTING',NULL,NULL),(295,279,'STUDENT',NULL,NULL),(296,117,'HISTORY',NULL,NULL),(297,117,'COMPUTING',NULL,NULL),(298,790,'POLYU COMP',NULL,NULL),(299,286,'POLYU',NULL,NULL),(300,286,'COMPUTING',NULL,NULL),(301,423,'MC',NULL,NULL),(302,400,'OS',NULL,NULL),(303,333,'COMP',NULL,NULL),(304,333,'POLYU',NULL,NULL),(305,176,'COMP',NULL,NULL),(306,176,'PUBG',NULL,NULL),(307,162,'COMP2222',NULL,NULL),(308,289,'UNIVERSITY',NULL,NULL),(309,602,'PHONE',NULL,NULL),(310,602,'NUMBER',NULL,NULL),(311,701,'MC',NULL,NULL),(312,701,'POLYU',NULL,NULL),(313,959,'GROUP',NULL,NULL),(314,70,'MC',NULL,NULL),(315,339,'AAAAA',NULL,NULL),(316,803,'POLYU COMP',NULL,NULL),(317,744,'WHO',NULL,NULL),(318,744,'DALAO',NULL,NULL),(319,744,'COMPUTING',NULL,NULL),(320,366,'GENERAL',NULL,NULL),(321,366,'OFFICE',NULL,NULL),(322,366,'DEPARTMENT',NULL,NULL),(323,366,'COMPUTING',NULL,NULL),(324,680,'POLYU',NULL,NULL),(325,680,'COMPUTING',NULL,NULL),(326,335,'#TIME',NULL,NULL),(327,335,'TIME',NULL,NULL),(328,393,'#PROFESSOR',NULL,NULL),(329,393,'#VINCENT',NULL,NULL),(330,393,'#HANDSOME',NULL,NULL),(331,681,'SIU MEI',NULL,NULL),(332,681,'NEW CAN',NULL,NULL),(333,681,'OLD CAN',NULL,NULL),(334,681,'CANTEEN',NULL,NULL),(335,681,'NEW CANTEEN',NULL,NULL),(336,681,'OLD CANTEEN',NULL,NULL),(337,681,'FRIED CHICKEN AND FRIES',NULL,NULL),(338,227,'MATH',NULL,NULL),(339,227,'SIMPLE',NULL,NULL),(342,708,'STUDENT',NULL,NULL),(343,182,'POLYU',NULL,NULL),(344,651,'POLYU',NULL,NULL),(345,651,'PRINCIPAL',NULL,NULL),(346,1,'MC',NULL,NULL),(347,928,'MEMORY',NULL,NULL),(348,928,'CHIU',NULL,NULL),(349,928,'COMPUTING',NULL,NULL),(350,928,'LOVELY',NULL,NULL),(351,158,'POLYU',NULL,NULL),(352,228,'COMP',NULL,NULL),(353,399,'POLYU',NULL,NULL),(354,849,'POLYU',NULL,NULL),(359,107,'GENDER',NULL,NULL),(360,107,'TF',NULL,NULL),(361,805,'POLYU',NULL,NULL),(362,805,'SCHOOL SONG',NULL,NULL),(363,523,'POLYU COMP',NULL,NULL),(364,4,'POLYU',NULL,NULL),(365,4,'COMPUTING',NULL,NULL),(366,548,'GGGGG',NULL,NULL),(367,191,'VINCENT',NULL,NULL),(368,828,'DRESS',NULL,NULL),(369,828,'LAZY BOY',NULL,NULL),(370,809,'POLY',NULL,NULL),(371,809,'COMP',NULL,NULL),(372,809,'LESSON',NULL,NULL),(373,809,'USEFUL',NULL,NULL),(374,479,'POLYU',NULL,NULL),(375,751,'MEMORY',NULL,NULL),(376,751,'FIRED',NULL,NULL),(377,630,'MATH',NULL,NULL),(378,26,'POLYU',NULL,NULL),(379,26,'PRESIDENT',NULL,NULL),(380,311,'GROUP',NULL,NULL),(381,418,'CLASS',NULL,NULL),(382,693,'COMP',NULL,NULL),(383,693,'MC',NULL,NULL),(384,114,'DALAO',NULL,NULL),(385,114,'CYR',NULL,NULL),(386,772,'GENDER',NULL,NULL),(387,894,'GROUP17',NULL,NULL),(388,894,'TF',NULL,NULL),(389,95,'GROUP',NULL,NULL),(390,988,'SMART',NULL,NULL),(399,298,'SCS',NULL,NULL),(400,298,'PRODUCT',NULL,NULL),(401,640,'A0',NULL,NULL),(402,640,'FRANKIE',NULL,NULL),(403,782,'COMP',NULL,NULL),(404,782,'MC',NULL,NULL),(405,782,'STUDENT',NULL,NULL),(410,895,':)',NULL,NULL),(411,786,'A0',NULL,NULL),(412,956,'INTERNATIONAL',NULL,NULL),(425,702,'OS',NULL,NULL),(426,702,'OPERATING SYSTEM',NULL,NULL),(427,702,'OPEN SOURCE',NULL,NULL),(428,702,'ANSWER',NULL,NULL),(429,703,'SPAM',NULL,NULL),(433,91,'SPAM',NULL,NULL),(441,69,'POLYU',NULL,NULL);
/*!40000 ALTER TABLE `keywords` ENABLE KEYS */;
UNLOCK TABLES;

--
-- Table structure for table `migrations`
--

DROP TABLE IF EXISTS `migrations`;
/*!40101 SET @saved_cs_client     = @@character_set_client */;
/*!40101 SET character_set_client = utf8 */;
CREATE TABLE `migrations` (
  `id` int(10) unsigned NOT NULL AUTO_INCREMENT,
  `migration` varchar(255) COLLATE utf8mb4_unicode_ci NOT NULL,
  `batch` int(11) NOT NULL,
  PRIMARY KEY (`id`)
) ENGINE=InnoDB AUTO_INCREMENT=36 DEFAULT CHARSET=utf8mb4 COLLATE=utf8mb4_unicode_ci;
/*!40101 SET character_set_client = @saved_cs_client */;

--
-- Dumping data for table `migrations`
--

LOCK TABLES `migrations` WRITE;
/*!40000 ALTER TABLE `migrations` DISABLE KEYS */;
INSERT INTO `migrations` VALUES (4,'2014_10_12_000000_create_users_table',1),(5,'2014_10_12_100000_create_password_resets_table',1),(6,'2017_10_27_112939_create_teacher_tables',1),(7,'2017_10_28_023920_create_questions_table',1),(8,'2017_10_30_054022_create_user_answereds_table',2),(9,'2017_11_01_124951_create_userattemps_table',3),(10,'2017_11_02_131842_create_keywords_table',4),(11,'2017_11_02_161303_create_comments_table',5),(12,'2017_11_02_164944_create_discussions_table',6),(13,'2017_11_06_162839_create_courses_table',7),(14,'2017_11_06_163320_create_enrollments_table',8),(15,'2017_12_15_091241_create_announcements_table',9),(16,'2017_12_23_084528_page_views',10),(17,'2016_07_29_171118_create_chatter_categories_table',11),(18,'2016_07_29_171118_create_chatter_discussion_table',11),(19,'2016_07_29_171118_create_chatter_post_table',11),(20,'2016_07_29_171128_create_foreign_keys',12),(21,'2016_08_02_183143_add_slug_field_for_discussions',13),(22,'2016_08_03_121747_add_color_row_to_chatter_discussions',13),(23,'2017_01_16_121747_add_markdown_and_lock_to_chatter_posts',14),(30,'2017_12_25_032155_thread_messages',15),(31,'2017_12_31_180656_course_schedules',15),(32,'2018_01_09_135053_quiz_attempts',15),(33,'2018_01_09_151555_quiz',15),(34,'2018_01_11_164238_quiz_timer',15),(35,'2018_01_11_174154_quiz_answers',16);
/*!40000 ALTER TABLE `migrations` ENABLE KEYS */;
UNLOCK TABLES;

--
-- Table structure for table `notifications`
--

DROP TABLE IF EXISTS `notifications`;
/*!40101 SET @saved_cs_client     = @@character_set_client */;
/*!40101 SET character_set_client = utf8 */;
CREATE TABLE `notifications` (
  `id` char(36) COLLATE utf8mb4_unicode_ci NOT NULL,
  `type` varchar(255) COLLATE utf8mb4_unicode_ci NOT NULL,
  `notifiable_id` int(10) unsigned NOT NULL,
  `notifiable_type` varchar(255) COLLATE utf8mb4_unicode_ci NOT NULL,
  `data` text COLLATE utf8mb4_unicode_ci NOT NULL,
  `read_at` timestamp NULL DEFAULT NULL,
  `created_at` timestamp NULL DEFAULT NULL,
  `updated_at` timestamp NULL DEFAULT NULL,
  PRIMARY KEY (`id`)
) ENGINE=InnoDB DEFAULT CHARSET=utf8mb4 COLLATE=utf8mb4_unicode_ci;
/*!40101 SET character_set_client = @saved_cs_client */;

--
-- Dumping data for table `notifications`
--

LOCK TABLES `notifications` WRITE;
/*!40000 ALTER TABLE `notifications` DISABLE KEYS */;
INSERT INTO `notifications` VALUES ('00c83809-256d-47f4-a441-db5ac1303cf0','App\\Notifications\\notifyStudent',44,'App\\User','{\"repliedTime\":{\"date\":\"2018-01-31 15:06:12.543014\",\"timezone_type\":3,\"timezone\":\"Asia\\/Hong_Kong\"},\"content\":{\"content\":\"Somebody answered your question!\",\"topic\":\"Answered Your Question!\",\"course_id\":\"COMP2222\"},\"type\":0,\"user\":{\"id\":44,\"name\":\"Test4\",\"nickname\":\"Test4\",\"email\":\"test4@polyu.edu.hk\",\"created_at\":\"2018-01-29 15:43:49\",\"updated_at\":\"2018-01-31 15:06:02\",\"status\":0,\"notify_answered\":1,\"notify_viewed\":1,\"notify_rated\":1,\"announce_email\":1,\"email_report\":1,\"last_activity_date\":\"2018-01-31 15:06:02\",\"last_update_date\":null,\"tried_first_answer_flag\":0}}','2018-01-31 07:09:35','2018-01-31 07:06:12','2018-01-31 07:09:35'),('0452877c-8023-4332-9dc3-152e979eb1a0','App\\Notifications\\notifyStudent',60,'App\\User','{\"repliedTime\":{\"date\":\"2018-01-31 15:14:49.741079\",\"timezone_type\":3,\"timezone\":\"Asia\\/Hong_Kong\"},\"content\":{\"content\":\"Somebody answered your question!\",\"topic\":\"Answered Your Question!\",\"course_id\":\"COMP2222\"},\"type\":0,\"user\":{\"id\":60,\"name\":\"Test20\",\"nickname\":\"Test20\",\"email\":\"test20@polyu.edu.hk\",\"created_at\":\"2018-01-29 15:56:44\",\"updated_at\":\"2018-01-31 15:14:35\",\"status\":0,\"notify_answered\":1,\"notify_viewed\":1,\"notify_rated\":1,\"announce_email\":1,\"email_report\":1,\"last_activity_date\":\"2018-01-31 15:14:35\",\"last_update_date\":null,\"tried_first_answer_flag\":0}}','2018-01-31 07:38:50','2018-01-31 07:14:49','2018-01-31 07:38:50'),('05b129ac-4e3d-4ad0-bb74-34ae57a1f271','App\\Notifications\\notifyStudent',44,'App\\User','{\"repliedTime\":{\"date\":\"2018-01-31 15:05:27.823724\",\"timezone_type\":3,\"timezone\":\"Asia\\/Hong_Kong\"},\"content\":{\"content\":\"Somebody answered your question!\",\"topic\":\"Answered Your Question!\",\"course_id\":\"COMP2222\"},\"type\":0,\"user\":{\"id\":44,\"name\":\"Test4\",\"nickname\":\"Test4\",\"email\":\"test4@polyu.edu.hk\",\"created_at\":\"2018-01-29 15:43:49\",\"updated_at\":\"2018-01-31 15:05:24\",\"status\":0,\"notify_answered\":1,\"notify_viewed\":1,\"notify_rated\":1,\"announce_email\":1,\"email_report\":1,\"last_activity_date\":\"2018-01-31 15:05:24\",\"last_update_date\":null,\"tried_first_answer_flag\":0}}','2018-01-31 07:09:36','2018-01-31 07:05:27','2018-01-31 07:09:36'),('075c8fb9-eb05-49e1-a7fb-4e0a2cf2aac0','App\\Notifications\\notifyStudent',43,'App\\User','{\"repliedTime\":{\"date\":\"2018-01-31 15:06:18.368822\",\"timezone_type\":3,\"timezone\":\"Asia\\/Hong_Kong\"},\"content\":{\"content\":\"Somebody answered your question!\",\"topic\":\"Answered Your Question!\",\"course_id\":\"COMP2222\"},\"type\":0,\"user\":{\"id\":43,\"name\":\"Test3\",\"nickname\":\"Test3\",\"email\":\"test3@polyu.edu.hk\",\"created_at\":\"2018-01-29 15:42:51\",\"updated_at\":\"2018-01-31 15:06:09\",\"status\":0,\"notify_answered\":1,\"notify_viewed\":1,\"notify_rated\":1,\"announce_email\":1,\"email_report\":1,\"last_activity_date\":\"2018-01-31 15:06:09\",\"last_update_date\":null,\"tried_first_answer_flag\":1}}','2018-01-31 07:08:25','2018-01-31 07:06:18','2018-01-31 07:08:25'),('07c82641-1baa-46e9-9480-ec7998905e6f','App\\Notifications\\notifyStudent',45,'App\\User','{\"repliedTime\":{\"date\":\"2018-01-31 15:07:38.702030\",\"timezone_type\":3,\"timezone\":\"Asia\\/Hong_Kong\"},\"content\":{\"content\":\"Somebody answered your question!\",\"topic\":\"Answered Your Question!\",\"course_id\":\"COMP2222\"},\"type\":0,\"user\":{\"id\":45,\"name\":\"Test5\",\"nickname\":\"Test5\",\"email\":\"test5@polyu.edu.hk\",\"created_at\":\"2018-01-29 15:44:12\",\"updated_at\":\"2018-01-31 15:07:07\",\"status\":0,\"notify_answered\":1,\"notify_viewed\":1,\"notify_rated\":1,\"announce_email\":1,\"email_report\":1,\"last_activity_date\":\"2018-01-31 15:07:07\",\"last_update_date\":null,\"tried_first_answer_flag\":0}}','2018-01-31 07:09:56','2018-01-31 07:07:38','2018-01-31 07:09:56'),('0aa4cacb-5bb6-4ddd-99de-cfa4564800d2','App\\Notifications\\notifyStudent',50,'App\\User','{\"repliedTime\":{\"date\":\"2018-01-31 15:03:56.451135\",\"timezone_type\":3,\"timezone\":\"Asia\\/Hong_Kong\"},\"content\":{\"content\":\"Somebody rated your questions! Come back and see details.\",\"topic\":\"Your Peer Rated Yours!\",\"course_id\":\"COMP2222\"},\"type\":0,\"user\":{\"id\":50,\"name\":\"Test9\",\"nickname\":\"Test9\",\"email\":\"test9@polyu.edu.hk\",\"created_at\":\"2018-01-29 15:51:19\",\"updated_at\":\"2018-01-31 15:02:20\",\"status\":0,\"notify_answered\":1,\"notify_viewed\":1,\"notify_rated\":1,\"announce_email\":1,\"email_report\":1,\"last_activity_date\":\"2018-01-31 15:02:20\",\"last_update_date\":null,\"tried_first_answer_flag\":0}}','2018-01-31 07:05:09','2018-01-31 07:03:56','2018-01-31 07:05:09'),('0aa82957-3342-4caf-8fd3-de5cc515bee4','App\\Notifications\\notifyStudent',49,'App\\User','{\"repliedTime\":{\"date\":\"2018-01-31 15:06:34.550665\",\"timezone_type\":3,\"timezone\":\"Asia\\/Hong_Kong\"},\"content\":{\"content\":\"Somebody answered your question!\",\"topic\":\"Answered Your Question!\",\"course_id\":\"COMP2222\"},\"type\":0,\"user\":{\"id\":49,\"name\":\"Test8\",\"nickname\":\"Test8\",\"email\":\"test8@polyu.edu.hk\",\"created_at\":\"2018-01-29 15:50:53\",\"updated_at\":\"2018-01-31 15:06:29\",\"status\":0,\"notify_answered\":1,\"notify_viewed\":1,\"notify_rated\":1,\"announce_email\":1,\"email_report\":1,\"last_activity_date\":\"2018-01-31 15:06:29\",\"last_update_date\":null,\"tried_first_answer_flag\":1}}','2018-01-31 07:07:59','2018-01-31 07:06:34','2018-01-31 07:07:59'),('0d0f2d6c-99e4-40fd-81d3-1df8de6ef929','App\\Notifications\\notifyStudent',46,'App\\User','{\"repliedTime\":{\"date\":\"2018-01-31 15:06:34.103695\",\"timezone_type\":3,\"timezone\":\"Asia\\/Hong_Kong\"},\"content\":{\"content\":\"Somebody answered your question!\",\"topic\":\"Answered Your Question!\",\"course_id\":\"COMP2222\"},\"type\":0,\"user\":{\"id\":46,\"name\":\"Test6\",\"nickname\":\"Test6\",\"email\":\"test6@polyu.edu.hk\",\"created_at\":\"2018-01-29 15:44:37\",\"updated_at\":\"2018-01-31 15:06:25\",\"status\":0,\"notify_answered\":1,\"notify_viewed\":1,\"notify_rated\":1,\"announce_email\":1,\"email_report\":1,\"last_activity_date\":\"2018-01-31 15:06:25\",\"last_update_date\":null,\"tried_first_answer_flag\":1}}','2018-01-31 07:06:49','2018-01-31 07:06:34','2018-01-31 07:06:49'),('0ee3454c-c24b-427a-bca1-cc22fe8b0473','App\\Notifications\\notifyStudent',44,'App\\User','{\"repliedTime\":{\"date\":\"2018-01-31 15:12:10.961515\",\"timezone_type\":3,\"timezone\":\"Asia\\/Hong_Kong\"},\"content\":{\"content\":\"Somebody answered your question!\",\"topic\":\"Answered Your Question!\",\"course_id\":\"COMP2222\"},\"type\":0,\"user\":{\"id\":44,\"name\":\"Test4\",\"nickname\":\"Test4\",\"email\":\"test4@polyu.edu.hk\",\"created_at\":\"2018-01-29 15:43:49\",\"updated_at\":\"2018-01-31 15:10:17\",\"status\":0,\"notify_answered\":1,\"notify_viewed\":1,\"notify_rated\":1,\"announce_email\":1,\"email_report\":1,\"last_activity_date\":\"2018-01-31 15:10:17\",\"last_update_date\":null,\"tried_first_answer_flag\":1}}','2018-01-31 07:15:03','2018-01-31 07:12:10','2018-01-31 07:15:03'),('10e80474-eb56-4980-a621-2beaaca68e3b','App\\Notifications\\notifyStudent',56,'App\\User','{\"repliedTime\":{\"date\":\"2018-01-31 15:04:13.873564\",\"timezone_type\":3,\"timezone\":\"Asia\\/Hong_Kong\"},\"content\":{\"content\":\"Somebody answered your question!\",\"topic\":\"Answered Your Question!\",\"course_id\":\"COMP2222\"},\"type\":0,\"user\":{\"id\":56,\"name\":\"Test16\",\"nickname\":\"Test16\",\"email\":\"test16@polyu.edu.hk\",\"created_at\":\"2018-01-29 15:54:12\",\"updated_at\":\"2018-01-31 15:02:06\",\"status\":0,\"notify_answered\":1,\"notify_viewed\":1,\"notify_rated\":1,\"announce_email\":1,\"email_report\":1,\"last_activity_date\":\"2018-01-31 15:02:06\",\"last_update_date\":null,\"tried_first_answer_flag\":0}}','2018-01-31 07:09:09','2018-01-31 07:04:13','2018-01-31 07:09:09'),('12467399-da43-4e80-bfdc-3a10e34b2644','App\\Notifications\\notifyStudent',44,'App\\User','{\"repliedTime\":{\"date\":\"2018-01-31 15:05:42.339356\",\"timezone_type\":3,\"timezone\":\"Asia\\/Hong_Kong\"},\"content\":{\"content\":\"Somebody answered your question!\",\"topic\":\"Answered Your Question!\",\"course_id\":\"COMP2222\"},\"type\":0,\"user\":{\"id\":44,\"name\":\"Test4\",\"nickname\":\"Test4\",\"email\":\"test4@polyu.edu.hk\",\"created_at\":\"2018-01-29 15:43:49\",\"updated_at\":\"2018-01-31 15:05:35\",\"status\":0,\"notify_answered\":1,\"notify_viewed\":1,\"notify_rated\":1,\"announce_email\":1,\"email_report\":1,\"last_activity_date\":\"2018-01-31 15:05:35\",\"last_update_date\":null,\"tried_first_answer_flag\":0}}','2018-01-31 07:09:36','2018-01-31 07:05:42','2018-01-31 07:09:36'),('1519f95c-4baa-498d-92e4-9d5bc3eef877','App\\Notifications\\notifyStudent',57,'App\\User','{\"repliedTime\":{\"date\":\"2018-01-31 15:00:42.313224\",\"timezone_type\":3,\"timezone\":\"Asia\\/Hong_Kong\"},\"content\":{\"content\":\"Somebody answered your question!\",\"topic\":\"Answered Your Question!\",\"course_id\":\"COMP2222\"},\"type\":0,\"user\":{\"id\":57,\"name\":\"Test17\",\"nickname\":\"Test17\",\"email\":\"test17@polyu.edu.hk\",\"created_at\":\"2018-01-29 15:54:34\",\"updated_at\":\"2018-01-31 14:59:14\",\"status\":0,\"notify_answered\":1,\"notify_viewed\":1,\"notify_rated\":1,\"announce_email\":1,\"email_report\":1,\"last_activity_date\":\"2018-01-31 14:59:14\",\"last_update_date\":null,\"tried_first_answer_flag\":0}}','2018-01-31 07:02:16','2018-01-31 07:00:42','2018-01-31 07:02:16'),('18b551a0-bf36-4df7-9b52-9f910e9ecff3','App\\Notifications\\notifyStudent',43,'App\\User','{\"repliedTime\":{\"date\":\"2018-01-31 15:10:39.693429\",\"timezone_type\":3,\"timezone\":\"Asia\\/Hong_Kong\"},\"content\":{\"content\":\"Somebody rated your questions! Come back and see details.\",\"topic\":\"Your Peer Rated Yours!\",\"course_id\":\"COMP2222\"},\"type\":0,\"user\":{\"id\":43,\"name\":\"Test3\",\"nickname\":\"Test3\",\"email\":\"test3@polyu.edu.hk\",\"created_at\":\"2018-01-29 15:42:51\",\"updated_at\":\"2018-01-31 15:10:26\",\"status\":0,\"notify_answered\":1,\"notify_viewed\":1,\"notify_rated\":1,\"announce_email\":1,\"email_report\":1,\"last_activity_date\":\"2018-01-31 15:10:26\",\"last_update_date\":null,\"tried_first_answer_flag\":1}}','2018-01-31 07:11:26','2018-01-31 07:10:39','2018-01-31 07:11:26'),('1936a562-877f-4ccb-bfa5-0ef846877495','App\\Notifications\\notifyStudent',43,'App\\User','{\"repliedTime\":{\"date\":\"2018-01-31 15:06:31.196890\",\"timezone_type\":3,\"timezone\":\"Asia\\/Hong_Kong\"},\"content\":{\"content\":\"Somebody rated your questions! Come back and see details.\",\"topic\":\"Your Peer Rated Yours!\",\"course_id\":\"COMP2222\"},\"type\":0,\"user\":{\"id\":43,\"name\":\"Test3\",\"nickname\":\"Test3\",\"email\":\"test3@polyu.edu.hk\",\"created_at\":\"2018-01-29 15:42:51\",\"updated_at\":\"2018-01-31 15:06:25\",\"status\":0,\"notify_answered\":1,\"notify_viewed\":1,\"notify_rated\":1,\"announce_email\":1,\"email_report\":1,\"last_activity_date\":\"2018-01-31 15:06:25\",\"last_update_date\":null,\"tried_first_answer_flag\":1}}','2018-01-31 07:08:25','2018-01-31 07:06:31','2018-01-31 07:08:25'),('1a860989-457a-4287-9477-ef91708e4aa5','App\\Notifications\\notifyStudent',57,'App\\User','{\"repliedTime\":{\"date\":\"2018-01-31 15:06:48.153559\",\"timezone_type\":3,\"timezone\":\"Asia\\/Hong_Kong\"},\"content\":{\"content\":\"Somebody answered your question!\",\"topic\":\"Answered Your Question!\",\"course_id\":\"COMP2222\"},\"type\":0,\"user\":{\"id\":57,\"name\":\"Test17\",\"nickname\":\"Test17\",\"email\":\"test17@polyu.edu.hk\",\"created_at\":\"2018-01-29 15:54:34\",\"updated_at\":\"2018-01-31 15:06:38\",\"status\":0,\"notify_answered\":1,\"notify_viewed\":1,\"notify_rated\":1,\"announce_email\":1,\"email_report\":1,\"last_activity_date\":\"2018-01-31 15:06:38\",\"last_update_date\":null,\"tried_first_answer_flag\":1}}','2018-01-31 07:08:35','2018-01-31 07:06:48','2018-01-31 07:08:35'),('1b16c1f6-fb14-4ed0-9bd1-9a9c207e5234','App\\Notifications\\notifyStudent',42,'App\\User','{\"repliedTime\":{\"date\":\"2018-01-31 15:06:25.859893\",\"timezone_type\":3,\"timezone\":\"Asia\\/Hong_Kong\"},\"content\":{\"content\":\"Somebody answered your question!\",\"topic\":\"Answered Your Question!\",\"course_id\":\"COMP2222\"},\"type\":0,\"user\":{\"id\":42,\"name\":\"Test2\",\"nickname\":\"Test2\",\"email\":\"test2@polyu.edu.hk\",\"created_at\":\"2018-01-29 15:42:27\",\"updated_at\":\"2018-01-31 15:06:16\",\"status\":0,\"notify_answered\":1,\"notify_viewed\":1,\"notify_rated\":1,\"announce_email\":1,\"email_report\":1,\"last_activity_date\":\"2018-01-31 15:06:16\",\"last_update_date\":null,\"tried_first_answer_flag\":0}}','2018-01-31 07:07:10','2018-01-31 07:06:25','2018-01-31 07:07:10'),('1bf76a47-ea1f-4371-b50a-11511f19a5b5','App\\Notifications\\notifyStudent',45,'App\\User','{\"repliedTime\":{\"date\":\"2018-01-31 15:04:22.767063\",\"timezone_type\":3,\"timezone\":\"Asia\\/Hong_Kong\"},\"content\":{\"content\":\"Somebody rated your questions! Come back and see details.\",\"topic\":\"Your Peer Rated Yours!\",\"course_id\":\"COMP2222\"},\"type\":0,\"user\":{\"id\":45,\"name\":\"Test5\",\"nickname\":\"Test5\",\"email\":\"test5@polyu.edu.hk\",\"created_at\":\"2018-01-29 15:44:12\",\"updated_at\":\"2018-01-31 15:04:22\",\"status\":0,\"notify_answered\":1,\"notify_viewed\":1,\"notify_rated\":1,\"announce_email\":1,\"email_report\":1,\"last_activity_date\":\"2018-01-31 15:04:22\",\"last_update_date\":null,\"tried_first_answer_flag\":0}}','2018-01-31 07:04:49','2018-01-31 07:04:22','2018-01-31 07:04:49'),('1cb2b923-8574-49c9-b649-de2d4abc88bc','App\\Notifications\\notifyStudent',52,'App\\User','{\"repliedTime\":{\"date\":\"2018-01-31 15:08:05.386743\",\"timezone_type\":3,\"timezone\":\"Asia\\/Hong_Kong\"},\"content\":{\"content\":\"Somebody answered your question!\",\"topic\":\"Answered Your Question!\",\"course_id\":\"COMP2222\"},\"type\":0,\"user\":{\"id\":52,\"name\":\"Test12\",\"nickname\":\"Test12\",\"email\":\"test12@polyu.edu.hk\",\"created_at\":\"2018-01-29 15:52:45\",\"updated_at\":\"2018-01-31 15:07:59\",\"status\":0,\"notify_answered\":1,\"notify_viewed\":1,\"notify_rated\":1,\"announce_email\":1,\"email_report\":1,\"last_activity_date\":\"2018-01-31 15:07:59\",\"last_update_date\":null,\"tried_first_answer_flag\":1}}','2018-01-31 07:08:55','2018-01-31 07:08:05','2018-01-31 07:08:55'),('1f569985-fd09-4131-a69f-3a6f1f02d180','App\\Notifications\\notifyStudent',42,'App\\User','{\"repliedTime\":{\"date\":\"2018-01-31 15:07:48.705924\",\"timezone_type\":3,\"timezone\":\"Asia\\/Hong_Kong\"},\"content\":{\"content\":\"Somebody answered your question!\",\"topic\":\"Answered Your Question!\",\"course_id\":\"COMP2222\"},\"type\":0,\"user\":{\"id\":42,\"name\":\"Test2\",\"nickname\":\"Test2\",\"email\":\"test2@polyu.edu.hk\",\"created_at\":\"2018-01-29 15:42:27\",\"updated_at\":\"2018-01-31 15:07:46\",\"status\":0,\"notify_answered\":1,\"notify_viewed\":1,\"notify_rated\":1,\"announce_email\":1,\"email_report\":1,\"last_activity_date\":\"2018-01-31 15:07:46\",\"last_update_date\":null,\"tried_first_answer_flag\":1}}','2018-01-31 07:08:19','2018-01-31 07:07:48','2018-01-31 07:08:19'),('1fea63cf-f7ac-4c78-bc75-19e4c95e078f','App\\Notifications\\notifyStudent',44,'App\\User','{\"repliedTime\":{\"date\":\"2018-01-31 15:05:39.725074\",\"timezone_type\":3,\"timezone\":\"Asia\\/Hong_Kong\"},\"content\":{\"content\":\"Somebody answered your question!\",\"topic\":\"Answered Your Question!\",\"course_id\":\"COMP2222\"},\"type\":0,\"user\":{\"id\":44,\"name\":\"Test4\",\"nickname\":\"Test4\",\"email\":\"test4@polyu.edu.hk\",\"created_at\":\"2018-01-29 15:43:49\",\"updated_at\":\"2018-01-31 15:05:35\",\"status\":0,\"notify_answered\":1,\"notify_viewed\":1,\"notify_rated\":1,\"announce_email\":1,\"email_report\":1,\"last_activity_date\":\"2018-01-31 15:05:35\",\"last_update_date\":null,\"tried_first_answer_flag\":0}}','2018-01-31 07:09:36','2018-01-31 07:05:39','2018-01-31 07:09:36'),('2021d274-e1e2-4451-8f4c-5b7a1d8ad7d8','App\\Notifications\\notifyStudent',51,'App\\User','{\"repliedTime\":{\"date\":\"2018-01-31 15:02:44.454829\",\"timezone_type\":3,\"timezone\":\"Asia\\/Hong_Kong\"},\"content\":{\"content\":\"Somebody answered your question!\",\"topic\":\"Answered Your Question!\",\"course_id\":\"COMP2222\"},\"type\":0,\"user\":{\"id\":51,\"name\":\"Test11\",\"nickname\":\"Test11\",\"email\":\"test11@polyu.edu.hk\",\"created_at\":\"2018-01-29 15:51:55\",\"updated_at\":\"2018-01-31 15:02:18\",\"status\":0,\"notify_answered\":1,\"notify_viewed\":1,\"notify_rated\":1,\"announce_email\":1,\"email_report\":1,\"last_activity_date\":\"2018-01-31 15:02:18\",\"last_update_date\":null,\"tried_first_answer_flag\":0}}','2018-01-31 07:09:33','2018-01-31 07:02:44','2018-01-31 07:09:33'),('2065eb3e-c52c-4709-b443-021a3f586898','App\\Notifications\\notifyStudent',42,'App\\User','{\"repliedTime\":{\"date\":\"2018-01-31 15:06:12.444113\",\"timezone_type\":3,\"timezone\":\"Asia\\/Hong_Kong\"},\"content\":{\"content\":\"Somebody answered your question!\",\"topic\":\"Answered Your Question!\",\"course_id\":\"COMP2222\"},\"type\":0,\"user\":{\"id\":42,\"name\":\"Test2\",\"nickname\":\"Test2\",\"email\":\"test2@polyu.edu.hk\",\"created_at\":\"2018-01-29 15:42:27\",\"updated_at\":\"2018-01-31 15:05:35\",\"status\":0,\"notify_answered\":1,\"notify_viewed\":1,\"notify_rated\":1,\"announce_email\":1,\"email_report\":1,\"last_activity_date\":\"2018-01-31 15:05:35\",\"last_update_date\":null,\"tried_first_answer_flag\":0}}','2018-01-31 07:07:10','2018-01-31 07:06:12','2018-01-31 07:07:10'),('2593b6f4-304c-42a5-8db4-193b1b5ceb3c','App\\Notifications\\notifyStudent',52,'App\\User','{\"repliedTime\":{\"date\":\"2018-01-31 15:10:12.303645\",\"timezone_type\":3,\"timezone\":\"Asia\\/Hong_Kong\"},\"content\":{\"content\":\"Somebody answered your question!\",\"topic\":\"Answered Your Question!\",\"course_id\":\"COMP2222\"},\"type\":0,\"user\":{\"id\":52,\"name\":\"Test12\",\"nickname\":\"Test12\",\"email\":\"test12@polyu.edu.hk\",\"created_at\":\"2018-01-29 15:52:45\",\"updated_at\":\"2018-01-31 15:09:58\",\"status\":0,\"notify_answered\":1,\"notify_viewed\":1,\"notify_rated\":1,\"announce_email\":1,\"email_report\":1,\"last_activity_date\":\"2018-01-31 15:09:58\",\"last_update_date\":null,\"tried_first_answer_flag\":1}}','2018-01-31 07:12:50','2018-01-31 07:10:12','2018-01-31 07:12:50'),('25b11c35-56ca-4ced-8848-cf6dd1f02f20','App\\Notifications\\notifyStudent',50,'App\\User','{\"repliedTime\":{\"date\":\"2018-01-31 15:04:28.412811\",\"timezone_type\":3,\"timezone\":\"Asia\\/Hong_Kong\"},\"content\":{\"content\":\"Somebody rated your questions! Come back and see details.\",\"topic\":\"Your Peer Rated Yours!\",\"course_id\":\"COMP2222\"},\"type\":0,\"user\":{\"id\":50,\"name\":\"Test9\",\"nickname\":\"Test9\",\"email\":\"test9@polyu.edu.hk\",\"created_at\":\"2018-01-29 15:51:19\",\"updated_at\":\"2018-01-31 15:02:20\",\"status\":0,\"notify_answered\":1,\"notify_viewed\":1,\"notify_rated\":1,\"announce_email\":1,\"email_report\":1,\"last_activity_date\":\"2018-01-31 15:02:20\",\"last_update_date\":null,\"tried_first_answer_flag\":0}}','2018-01-31 07:05:09','2018-01-31 07:04:28','2018-01-31 07:05:09'),('2676e2a0-c0a2-4068-8ed8-988f37b7c83a','App\\Notifications\\notifyStudent',52,'App\\User','{\"repliedTime\":{\"date\":\"2018-01-31 15:06:33.911279\",\"timezone_type\":3,\"timezone\":\"Asia\\/Hong_Kong\"},\"content\":{\"content\":\"Somebody answered your question!\",\"topic\":\"Answered Your Question!\",\"course_id\":\"COMP2222\"},\"type\":0,\"user\":{\"id\":52,\"name\":\"Test12\",\"nickname\":\"Test12\",\"email\":\"test12@polyu.edu.hk\",\"created_at\":\"2018-01-29 15:52:45\",\"updated_at\":\"2018-01-31 15:06:26\",\"status\":0,\"notify_answered\":1,\"notify_viewed\":1,\"notify_rated\":1,\"announce_email\":1,\"email_report\":1,\"last_activity_date\":\"2018-01-31 15:06:26\",\"last_update_date\":null,\"tried_first_answer_flag\":1}}','2018-01-31 07:07:06','2018-01-31 07:06:33','2018-01-31 07:07:06'),('291cf717-4233-414d-8be1-95354a3dfd7a','App\\Notifications\\notifyStudent',44,'App\\User','{\"repliedTime\":{\"date\":\"2018-01-31 15:06:53.117328\",\"timezone_type\":3,\"timezone\":\"Asia\\/Hong_Kong\"},\"content\":{\"content\":\"Somebody answered your question!\",\"topic\":\"Answered Your Question!\",\"course_id\":\"COMP2222\"},\"type\":0,\"user\":{\"id\":44,\"name\":\"Test4\",\"nickname\":\"Test4\",\"email\":\"test4@polyu.edu.hk\",\"created_at\":\"2018-01-29 15:43:49\",\"updated_at\":\"2018-01-31 15:06:43\",\"status\":0,\"notify_answered\":1,\"notify_viewed\":1,\"notify_rated\":1,\"announce_email\":1,\"email_report\":1,\"last_activity_date\":\"2018-01-31 15:06:43\",\"last_update_date\":null,\"tried_first_answer_flag\":1}}','2018-01-31 07:09:35','2018-01-31 07:06:53','2018-01-31 07:09:35'),('2ae24a5d-897d-4675-b0b6-ee8412231512','App\\Notifications\\notifyStudent',44,'App\\User','{\"repliedTime\":{\"date\":\"2018-01-31 15:06:59.867389\",\"timezone_type\":3,\"timezone\":\"Asia\\/Hong_Kong\"},\"content\":{\"content\":\"Somebody answered your question!\",\"topic\":\"Answered Your Question!\",\"course_id\":\"COMP2222\"},\"type\":0,\"user\":{\"id\":44,\"name\":\"Test4\",\"nickname\":\"Test4\",\"email\":\"test4@polyu.edu.hk\",\"created_at\":\"2018-01-29 15:43:49\",\"updated_at\":\"2018-01-31 15:06:55\",\"status\":0,\"notify_answered\":1,\"notify_viewed\":1,\"notify_rated\":1,\"announce_email\":1,\"email_report\":1,\"last_activity_date\":\"2018-01-31 15:06:55\",\"last_update_date\":null,\"tried_first_answer_flag\":1}}','2018-01-31 07:09:35','2018-01-31 07:06:59','2018-01-31 07:09:35'),('2b598c46-d8a0-41df-9561-5a8e888052df','App\\Notifications\\notifyStudent',58,'App\\User','{\"repliedTime\":{\"date\":\"2018-01-31 15:02:44.300445\",\"timezone_type\":3,\"timezone\":\"Asia\\/Hong_Kong\"},\"content\":{\"content\":\"Somebody answered your question!\",\"topic\":\"Answered Your Question!\",\"course_id\":\"COMP2222\"},\"type\":0,\"user\":{\"id\":58,\"name\":\"Test18\",\"nickname\":\"Test18\",\"email\":\"test18@polyu.edu.hk\",\"created_at\":\"2018-01-29 15:54:55\",\"updated_at\":\"2018-01-31 15:01:25\",\"status\":0,\"notify_answered\":1,\"notify_viewed\":1,\"notify_rated\":1,\"announce_email\":1,\"email_report\":1,\"last_activity_date\":\"2018-01-31 15:01:25\",\"last_update_date\":null,\"tried_first_answer_flag\":0}}',NULL,'2018-01-31 07:02:44','2018-01-31 07:02:44'),('2b59e66e-182a-4d0e-ac9c-5a5a14c9ba75','App\\Notifications\\notifyStudent',56,'App\\User','{\"repliedTime\":{\"date\":\"2018-01-31 15:04:32.574561\",\"timezone_type\":3,\"timezone\":\"Asia\\/Hong_Kong\"},\"content\":{\"content\":\"Somebody rated your questions! Come back and see details.\",\"topic\":\"Your Peer Rated Yours!\",\"course_id\":\"COMP2222\"},\"type\":0,\"user\":{\"id\":56,\"name\":\"Test16\",\"nickname\":\"Test16\",\"email\":\"test16@polyu.edu.hk\",\"created_at\":\"2018-01-29 15:54:12\",\"updated_at\":\"2018-01-31 15:02:06\",\"status\":0,\"notify_answered\":1,\"notify_viewed\":1,\"notify_rated\":1,\"announce_email\":1,\"email_report\":1,\"last_activity_date\":\"2018-01-31 15:02:06\",\"last_update_date\":null,\"tried_first_answer_flag\":0}}','2018-01-31 07:09:09','2018-01-31 07:04:32','2018-01-31 07:09:09'),('2bfa401f-510c-43b4-910d-4543b49b1a9f','App\\Notifications\\notifyStudent',47,'App\\User','{\"repliedTime\":{\"date\":\"2018-01-31 15:15:15.216839\",\"timezone_type\":3,\"timezone\":\"Asia\\/Hong_Kong\"},\"content\":{\"content\":\"Somebody answered your question!\",\"topic\":\"Answered Your Question!\",\"course_id\":\"COMP2222\"},\"type\":0,\"user\":{\"id\":47,\"name\":\"Test7\",\"nickname\":\"Test7\",\"email\":\"test7@polyu.edu.hk\",\"created_at\":\"2018-01-29 15:44:57\",\"updated_at\":\"2018-01-31 15:11:30\",\"status\":0,\"notify_answered\":1,\"notify_viewed\":1,\"notify_rated\":1,\"announce_email\":1,\"email_report\":1,\"last_activity_date\":\"2018-01-31 15:11:30\",\"last_update_date\":null,\"tried_first_answer_flag\":1}}','2018-02-02 12:27:27','2018-01-31 07:15:15','2018-02-02 12:27:27'),('2cdd8458-5268-4cf0-aa73-ced16069d9f4','App\\Notifications\\notifyStudent',49,'App\\User','{\"repliedTime\":{\"date\":\"2018-01-31 15:02:25.283404\",\"timezone_type\":3,\"timezone\":\"Asia\\/Hong_Kong\"},\"content\":{\"content\":\"Somebody rated your questions! Come back and see details.\",\"topic\":\"Your Peer Rated Yours!\",\"course_id\":\"COMP2222\"},\"type\":0,\"user\":{\"id\":49,\"name\":\"Test8\",\"nickname\":\"Test8\",\"email\":\"test8@polyu.edu.hk\",\"created_at\":\"2018-01-29 15:50:53\",\"updated_at\":\"2018-01-31 15:01:51\",\"status\":0,\"notify_answered\":1,\"notify_viewed\":1,\"notify_rated\":1,\"announce_email\":1,\"email_report\":1,\"last_activity_date\":\"2018-01-31 15:01:51\",\"last_update_date\":null,\"tried_first_answer_flag\":0}}','2018-01-31 07:07:59','2018-01-31 07:02:25','2018-01-31 07:07:59'),('30b20e00-af6b-470b-bb02-0d03bb8965af','App\\Notifications\\notifyStudent',56,'App\\User','{\"repliedTime\":{\"date\":\"2018-01-31 15:14:45.331275\",\"timezone_type\":3,\"timezone\":\"Asia\\/Hong_Kong\"},\"content\":{\"content\":\"Somebody answered your question!\",\"topic\":\"Answered Your Question!\",\"course_id\":\"COMP2222\"},\"type\":0,\"user\":{\"id\":56,\"name\":\"Test16\",\"nickname\":\"Test16\",\"email\":\"test16@polyu.edu.hk\",\"created_at\":\"2018-01-29 15:54:12\",\"updated_at\":\"2018-01-31 15:14:14\",\"status\":0,\"notify_answered\":1,\"notify_viewed\":1,\"notify_rated\":1,\"announce_email\":1,\"email_report\":1,\"last_activity_date\":\"2018-01-31 15:14:14\",\"last_update_date\":null,\"tried_first_answer_flag\":1}}',NULL,'2018-01-31 07:14:45','2018-01-31 07:14:45'),('31202e5a-9100-4cd8-9efe-d49daa773948','App\\Notifications\\notifyStudent',44,'App\\User','{\"repliedTime\":{\"date\":\"2018-01-31 15:05:36.327024\",\"timezone_type\":3,\"timezone\":\"Asia\\/Hong_Kong\"},\"content\":{\"content\":\"Somebody rated your questions! Come back and see details.\",\"topic\":\"Your Peer Rated Yours!\",\"course_id\":\"COMP2222\"},\"type\":0,\"user\":{\"id\":44,\"name\":\"Test4\",\"nickname\":\"Test4\",\"email\":\"test4@polyu.edu.hk\",\"created_at\":\"2018-01-29 15:43:49\",\"updated_at\":\"2018-01-31 15:05:35\",\"status\":0,\"notify_answered\":1,\"notify_viewed\":1,\"notify_rated\":1,\"announce_email\":1,\"email_report\":1,\"last_activity_date\":\"2018-01-31 15:05:35\",\"last_update_date\":null,\"tried_first_answer_flag\":0}}','2018-01-31 07:09:36','2018-01-31 07:05:36','2018-01-31 07:09:36'),('31e8502d-c95a-4980-9c5d-beab7370a69f','App\\Notifications\\notifyStudent',52,'App\\User','{\"repliedTime\":{\"date\":\"2018-01-31 15:05:39.831856\",\"timezone_type\":3,\"timezone\":\"Asia\\/Hong_Kong\"},\"content\":{\"content\":\"Somebody rated your questions! Come back and see details.\",\"topic\":\"Your Peer Rated Yours!\",\"course_id\":\"COMP2222\"},\"type\":0,\"user\":{\"id\":52,\"name\":\"Test12\",\"nickname\":\"Test12\",\"email\":\"test12@polyu.edu.hk\",\"created_at\":\"2018-01-29 15:52:45\",\"updated_at\":\"2018-01-31 15:05:33\",\"status\":0,\"notify_answered\":1,\"notify_viewed\":1,\"notify_rated\":1,\"announce_email\":1,\"email_report\":1,\"last_activity_date\":\"2018-01-31 15:05:33\",\"last_update_date\":null,\"tried_first_answer_flag\":0}}','2018-01-31 07:07:06','2018-01-31 07:05:39','2018-01-31 07:07:06'),('374da6a7-4338-4a3d-966b-ba805d1d0680','App\\Notifications\\notifyStudent',50,'App\\User','{\"repliedTime\":{\"date\":\"2018-01-31 15:07:11.100147\",\"timezone_type\":3,\"timezone\":\"Asia\\/Hong_Kong\"},\"content\":{\"content\":\"Somebody answered your question!\",\"topic\":\"Answered Your Question!\",\"course_id\":\"COMP2222\"},\"type\":0,\"user\":{\"id\":50,\"name\":\"Test9\",\"nickname\":\"Test9\",\"email\":\"test9@polyu.edu.hk\",\"created_at\":\"2018-01-29 15:51:19\",\"updated_at\":\"2018-01-31 15:06:59\",\"status\":0,\"notify_answered\":1,\"notify_viewed\":1,\"notify_rated\":1,\"announce_email\":1,\"email_report\":1,\"last_activity_date\":\"2018-01-31 15:06:59\",\"last_update_date\":null,\"tried_first_answer_flag\":1}}','2018-01-31 07:14:07','2018-01-31 07:07:11','2018-01-31 07:14:07'),('37ea2a1b-cd08-47f1-a268-0b2140aa7519','App\\Notifications\\notifyStudent',60,'App\\User','{\"repliedTime\":{\"date\":\"2018-01-31 15:05:58.400863\",\"timezone_type\":3,\"timezone\":\"Asia\\/Hong_Kong\"},\"content\":{\"content\":\"Somebody answered your question!\",\"topic\":\"Answered Your Question!\",\"course_id\":\"COMP2222\"},\"type\":0,\"user\":{\"id\":60,\"name\":\"Test20\",\"nickname\":\"Test20\",\"email\":\"test20@polyu.edu.hk\",\"created_at\":\"2018-01-29 15:56:44\",\"updated_at\":\"2018-01-31 15:05:42\",\"status\":0,\"notify_answered\":1,\"notify_viewed\":1,\"notify_rated\":1,\"announce_email\":1,\"email_report\":1,\"last_activity_date\":\"2018-01-31 15:05:42\",\"last_update_date\":null,\"tried_first_answer_flag\":0}}','2018-01-31 07:11:40','2018-01-31 07:05:58','2018-01-31 07:11:40'),('3ca0506a-00f3-4db9-8a88-5d5ff55f87fa','App\\Notifications\\notifyStudent',43,'App\\User','{\"repliedTime\":{\"date\":\"2018-01-31 15:14:00.595748\",\"timezone_type\":3,\"timezone\":\"Asia\\/Hong_Kong\"},\"content\":{\"content\":\"Somebody rated your questions! Come back and see details.\",\"topic\":\"Your Peer Rated Yours!\",\"course_id\":\"COMP2222\"},\"type\":0,\"user\":{\"id\":43,\"name\":\"Test3\",\"nickname\":\"Test3\",\"email\":\"test3@polyu.edu.hk\",\"created_at\":\"2018-01-29 15:42:51\",\"updated_at\":\"2018-01-31 15:13:53\",\"status\":0,\"notify_answered\":1,\"notify_viewed\":1,\"notify_rated\":1,\"announce_email\":1,\"email_report\":1,\"last_activity_date\":\"2018-01-31 15:13:53\",\"last_update_date\":null,\"tried_first_answer_flag\":1}}','2018-01-31 07:14:39','2018-01-31 07:14:00','2018-01-31 07:14:39'),('3f53f905-9cea-4e24-9010-864e912055e9','App\\Notifications\\notifyStudent',43,'App\\User','{\"repliedTime\":{\"date\":\"2018-01-31 15:07:00.396367\",\"timezone_type\":3,\"timezone\":\"Asia\\/Hong_Kong\"},\"content\":{\"content\":\"Somebody answered your question!\",\"topic\":\"Answered Your Question!\",\"course_id\":\"COMP2222\"},\"type\":0,\"user\":{\"id\":43,\"name\":\"Test3\",\"nickname\":\"Test3\",\"email\":\"test3@polyu.edu.hk\",\"created_at\":\"2018-01-29 15:42:51\",\"updated_at\":\"2018-01-31 15:06:54\",\"status\":0,\"notify_answered\":1,\"notify_viewed\":1,\"notify_rated\":1,\"announce_email\":1,\"email_report\":1,\"last_activity_date\":\"2018-01-31 15:06:54\",\"last_update_date\":null,\"tried_first_answer_flag\":1}}','2018-01-31 07:08:25','2018-01-31 07:07:00','2018-01-31 07:08:25'),('41177712-24eb-40d3-8e21-5aba04f1d23e','App\\Notifications\\notifyStudent',52,'App\\User','{\"repliedTime\":{\"date\":\"2018-01-31 15:07:51.211827\",\"timezone_type\":3,\"timezone\":\"Asia\\/Hong_Kong\"},\"content\":{\"content\":\"Somebody answered your question!\",\"topic\":\"Answered Your Question!\",\"course_id\":\"COMP2222\"},\"type\":0,\"user\":{\"id\":52,\"name\":\"Test12\",\"nickname\":\"Test12\",\"email\":\"test12@polyu.edu.hk\",\"created_at\":\"2018-01-29 15:52:45\",\"updated_at\":\"2018-01-31 15:07:50\",\"status\":0,\"notify_answered\":1,\"notify_viewed\":1,\"notify_rated\":1,\"announce_email\":1,\"email_report\":1,\"last_activity_date\":\"2018-01-31 15:07:50\",\"last_update_date\":null,\"tried_first_answer_flag\":1}}','2018-01-31 07:07:59','2018-01-31 07:07:51','2018-01-31 07:07:59'),('42b918d1-a222-4326-a058-cff433e30101','App\\Notifications\\notifyStudent',46,'App\\User','{\"repliedTime\":{\"date\":\"2018-01-31 15:12:42.176152\",\"timezone_type\":3,\"timezone\":\"Asia\\/Hong_Kong\"},\"content\":{\"content\":\"Somebody answered your question!\",\"topic\":\"Answered Your Question!\",\"course_id\":\"COMP2222\"},\"type\":0,\"user\":{\"id\":46,\"name\":\"Test6\",\"nickname\":\"Test6\",\"email\":\"test6@polyu.edu.hk\",\"created_at\":\"2018-01-29 15:44:37\",\"updated_at\":\"2018-01-31 15:12:03\",\"status\":0,\"notify_answered\":1,\"notify_viewed\":1,\"notify_rated\":1,\"announce_email\":1,\"email_report\":1,\"last_activity_date\":\"2018-01-31 15:12:03\",\"last_update_date\":null,\"tried_first_answer_flag\":1}}','2018-01-31 07:13:14','2018-01-31 07:12:42','2018-01-31 07:13:14'),('4349d48a-fe20-4873-b393-afaa045ca033','App\\Notifications\\notifyStudent',43,'App\\User','{\"repliedTime\":{\"date\":\"2018-01-31 15:06:11.279905\",\"timezone_type\":3,\"timezone\":\"Asia\\/Hong_Kong\"},\"content\":{\"content\":\"Somebody answered your question!\",\"topic\":\"Answered Your Question!\",\"course_id\":\"COMP2222\"},\"type\":0,\"user\":{\"id\":43,\"name\":\"Test3\",\"nickname\":\"Test3\",\"email\":\"test3@polyu.edu.hk\",\"created_at\":\"2018-01-29 15:42:51\",\"updated_at\":\"2018-01-31 15:06:09\",\"status\":0,\"notify_answered\":1,\"notify_viewed\":1,\"notify_rated\":1,\"announce_email\":1,\"email_report\":1,\"last_activity_date\":\"2018-01-31 15:06:09\",\"last_update_date\":null,\"tried_first_answer_flag\":1}}','2018-01-31 07:08:25','2018-01-31 07:06:11','2018-01-31 07:08:25'),('444b348a-af04-47ce-93fc-40ec932f7741','App\\Notifications\\notifyStudent',42,'App\\User','{\"repliedTime\":{\"date\":\"2018-01-31 15:06:30.928025\",\"timezone_type\":3,\"timezone\":\"Asia\\/Hong_Kong\"},\"content\":{\"content\":\"Somebody rated your questions! Come back and see details.\",\"topic\":\"Your Peer Rated Yours!\",\"course_id\":\"COMP2222\"},\"type\":0,\"user\":{\"id\":42,\"name\":\"Test2\",\"nickname\":\"Test2\",\"email\":\"test2@polyu.edu.hk\",\"created_at\":\"2018-01-29 15:42:27\",\"updated_at\":\"2018-01-31 15:06:16\",\"status\":0,\"notify_answered\":1,\"notify_viewed\":1,\"notify_rated\":1,\"announce_email\":1,\"email_report\":1,\"last_activity_date\":\"2018-01-31 15:06:16\",\"last_update_date\":null,\"tried_first_answer_flag\":0}}','2018-01-31 07:07:10','2018-01-31 07:06:30','2018-01-31 07:07:10'),('446e7372-8daa-44e9-bf70-43676ebd0598','App\\Notifications\\notifyStudent',43,'App\\User','{\"repliedTime\":{\"date\":\"2018-01-31 15:06:00.069117\",\"timezone_type\":3,\"timezone\":\"Asia\\/Hong_Kong\"},\"content\":{\"content\":\"Somebody answered your question!\",\"topic\":\"Answered Your Question!\",\"course_id\":\"COMP2222\"},\"type\":0,\"user\":{\"id\":43,\"name\":\"Test3\",\"nickname\":\"Test3\",\"email\":\"test3@polyu.edu.hk\",\"created_at\":\"2018-01-29 15:42:51\",\"updated_at\":\"2018-01-31 15:05:46\",\"status\":0,\"notify_answered\":1,\"notify_viewed\":1,\"notify_rated\":1,\"announce_email\":1,\"email_report\":1,\"last_activity_date\":\"2018-01-31 15:05:46\",\"last_update_date\":null,\"tried_first_answer_flag\":1}}','2018-01-31 07:08:25','2018-01-31 07:06:00','2018-01-31 07:08:25'),('4b7f1dda-d241-4e82-a52d-1e3e9fff3701','App\\Notifications\\notifyStudent',46,'App\\User','{\"repliedTime\":{\"date\":\"2018-01-31 15:12:49.937206\",\"timezone_type\":3,\"timezone\":\"Asia\\/Hong_Kong\"},\"content\":{\"content\":\"Somebody rated your questions! Come back and see details.\",\"topic\":\"Your Peer Rated Yours!\",\"course_id\":\"COMP2222\"},\"type\":0,\"user\":{\"id\":46,\"name\":\"Test6\",\"nickname\":\"Test6\",\"email\":\"test6@polyu.edu.hk\",\"created_at\":\"2018-01-29 15:44:37\",\"updated_at\":\"2018-01-31 15:12:46\",\"status\":0,\"notify_answered\":1,\"notify_viewed\":1,\"notify_rated\":1,\"announce_email\":1,\"email_report\":1,\"last_activity_date\":\"2018-01-31 15:12:46\",\"last_update_date\":null,\"tried_first_answer_flag\":1}}','2018-01-31 07:13:14','2018-01-31 07:12:49','2018-01-31 07:13:14'),('4c772951-28e0-4803-b0c2-508a412d37fb','App\\Notifications\\notifyStudent',52,'App\\User','{\"repliedTime\":{\"date\":\"2018-01-31 15:02:43.824595\",\"timezone_type\":3,\"timezone\":\"Asia\\/Hong_Kong\"},\"content\":{\"content\":\"Somebody answered your question!\",\"topic\":\"Answered Your Question!\",\"course_id\":\"COMP2222\"},\"type\":0,\"user\":{\"id\":52,\"name\":\"Test12\",\"nickname\":\"Test12\",\"email\":\"test12@polyu.edu.hk\",\"created_at\":\"2018-01-29 15:52:45\",\"updated_at\":\"2018-01-31 15:02:25\",\"status\":0,\"notify_answered\":1,\"notify_viewed\":1,\"notify_rated\":1,\"announce_email\":1,\"email_report\":1,\"last_activity_date\":\"2018-01-31 15:02:25\",\"last_update_date\":null,\"tried_first_answer_flag\":0}}','2018-01-31 07:04:24','2018-01-31 07:02:43','2018-01-31 07:04:24'),('4c88ffa3-df62-47f4-9619-8afb500e7116','App\\Notifications\\notifyStudent',51,'App\\User','{\"repliedTime\":{\"date\":\"2018-01-31 15:07:05.126862\",\"timezone_type\":3,\"timezone\":\"Asia\\/Hong_Kong\"},\"content\":{\"content\":\"Somebody answered your question!\",\"topic\":\"Answered Your Question!\",\"course_id\":\"COMP2222\"},\"type\":0,\"user\":{\"id\":51,\"name\":\"Test11\",\"nickname\":\"Test11\",\"email\":\"test11@polyu.edu.hk\",\"created_at\":\"2018-01-29 15:51:55\",\"updated_at\":\"2018-01-31 15:07:01\",\"status\":0,\"notify_answered\":1,\"notify_viewed\":1,\"notify_rated\":1,\"announce_email\":1,\"email_report\":1,\"last_activity_date\":\"2018-01-31 15:07:01\",\"last_update_date\":null,\"tried_first_answer_flag\":0}}','2018-01-31 07:09:33','2018-01-31 07:07:05','2018-01-31 07:09:33'),('4c99a84d-5ba9-48f0-b100-8daf08e5388e','App\\Notifications\\notifyStudent',50,'App\\User','{\"repliedTime\":{\"date\":\"2018-01-31 15:07:22.518176\",\"timezone_type\":3,\"timezone\":\"Asia\\/Hong_Kong\"},\"content\":{\"content\":\"Somebody answered your question!\",\"topic\":\"Answered Your Question!\",\"course_id\":\"COMP2222\"},\"type\":0,\"user\":{\"id\":50,\"name\":\"Test9\",\"nickname\":\"Test9\",\"email\":\"test9@polyu.edu.hk\",\"created_at\":\"2018-01-29 15:51:19\",\"updated_at\":\"2018-01-31 15:06:59\",\"status\":0,\"notify_answered\":1,\"notify_viewed\":1,\"notify_rated\":1,\"announce_email\":1,\"email_report\":1,\"last_activity_date\":\"2018-01-31 15:06:59\",\"last_update_date\":null,\"tried_first_answer_flag\":1}}','2018-01-31 07:14:07','2018-01-31 07:07:22','2018-01-31 07:14:07'),('4d1ddc6c-05e1-4cd4-9fb6-aa9483fe962f','App\\Notifications\\notifyStudent',45,'App\\User','{\"repliedTime\":{\"date\":\"2018-01-31 15:07:28.673666\",\"timezone_type\":3,\"timezone\":\"Asia\\/Hong_Kong\"},\"content\":{\"content\":\"Somebody rated your questions! Come back and see details.\",\"topic\":\"Your Peer Rated Yours!\",\"course_id\":\"COMP2222\"},\"type\":0,\"user\":{\"id\":45,\"name\":\"Test5\",\"nickname\":\"Test5\",\"email\":\"test5@polyu.edu.hk\",\"created_at\":\"2018-01-29 15:44:12\",\"updated_at\":\"2018-01-31 15:07:07\",\"status\":0,\"notify_answered\":1,\"notify_viewed\":1,\"notify_rated\":1,\"announce_email\":1,\"email_report\":1,\"last_activity_date\":\"2018-01-31 15:07:07\",\"last_update_date\":null,\"tried_first_answer_flag\":0}}','2018-01-31 07:09:56','2018-01-31 07:07:28','2018-01-31 07:09:56'),('4dece6dd-ffa9-4d39-b216-63ffd5175951','App\\Notifications\\notifyStudent',43,'App\\User','{\"repliedTime\":{\"date\":\"2018-01-31 15:06:11.275457\",\"timezone_type\":3,\"timezone\":\"Asia\\/Hong_Kong\"},\"content\":{\"content\":\"Somebody rated your questions! Come back and see details.\",\"topic\":\"Your Peer Rated Yours!\",\"course_id\":\"COMP2222\"},\"type\":0,\"user\":{\"id\":43,\"name\":\"Test3\",\"nickname\":\"Test3\",\"email\":\"test3@polyu.edu.hk\",\"created_at\":\"2018-01-29 15:42:51\",\"updated_at\":\"2018-01-31 15:06:09\",\"status\":0,\"notify_answered\":1,\"notify_viewed\":1,\"notify_rated\":1,\"announce_email\":1,\"email_report\":1,\"last_activity_date\":\"2018-01-31 15:06:09\",\"last_update_date\":null,\"tried_first_answer_flag\":1}}','2018-01-31 07:08:25','2018-01-31 07:06:11','2018-01-31 07:08:25'),('55d7fe7a-ca7f-4556-a370-2e9087ca8d2f','App\\Notifications\\notifyStudent',44,'App\\User','{\"repliedTime\":{\"date\":\"2018-01-31 15:05:47.983956\",\"timezone_type\":3,\"timezone\":\"Asia\\/Hong_Kong\"},\"content\":{\"content\":\"Somebody rated your questions! Come back and see details.\",\"topic\":\"Your Peer Rated Yours!\",\"course_id\":\"COMP2222\"},\"type\":0,\"user\":{\"id\":44,\"name\":\"Test4\",\"nickname\":\"Test4\",\"email\":\"test4@polyu.edu.hk\",\"created_at\":\"2018-01-29 15:43:49\",\"updated_at\":\"2018-01-31 15:05:35\",\"status\":0,\"notify_answered\":1,\"notify_viewed\":1,\"notify_rated\":1,\"announce_email\":1,\"email_report\":1,\"last_activity_date\":\"2018-01-31 15:05:35\",\"last_update_date\":null,\"tried_first_answer_flag\":0}}','2018-01-31 07:09:36','2018-01-31 07:05:47','2018-01-31 07:09:36'),('5b1e59d1-14e9-4674-8aa2-68d84db8eae5','App\\Notifications\\notifyStudent',50,'App\\User','{\"repliedTime\":{\"date\":\"2018-01-31 15:05:51.896582\",\"timezone_type\":3,\"timezone\":\"Asia\\/Hong_Kong\"},\"content\":{\"content\":\"Somebody answered your question!\",\"topic\":\"Answered Your Question!\",\"course_id\":\"COMP2222\"},\"type\":0,\"user\":{\"id\":50,\"name\":\"Test9\",\"nickname\":\"Test9\",\"email\":\"test9@polyu.edu.hk\",\"created_at\":\"2018-01-29 15:51:19\",\"updated_at\":\"2018-01-31 15:05:44\",\"status\":0,\"notify_answered\":1,\"notify_viewed\":1,\"notify_rated\":1,\"announce_email\":1,\"email_report\":1,\"last_activity_date\":\"2018-01-31 15:05:44\",\"last_update_date\":null,\"tried_first_answer_flag\":1}}','2018-01-31 07:14:08','2018-01-31 07:05:51','2018-01-31 07:14:08'),('5bb1185d-4243-424f-b1ac-0b170a395fc8','App\\Notifications\\notifyStudent',44,'App\\User','{\"repliedTime\":{\"date\":\"2018-01-31 15:07:04.958232\",\"timezone_type\":3,\"timezone\":\"Asia\\/Hong_Kong\"},\"content\":{\"content\":\"Somebody rated your questions! Come back and see details.\",\"topic\":\"Your Peer Rated Yours!\",\"course_id\":\"COMP2222\"},\"type\":0,\"user\":{\"id\":44,\"name\":\"Test4\",\"nickname\":\"Test4\",\"email\":\"test4@polyu.edu.hk\",\"created_at\":\"2018-01-29 15:43:49\",\"updated_at\":\"2018-01-31 15:06:55\",\"status\":0,\"notify_answered\":1,\"notify_viewed\":1,\"notify_rated\":1,\"announce_email\":1,\"email_report\":1,\"last_activity_date\":\"2018-01-31 15:06:55\",\"last_update_date\":null,\"tried_first_answer_flag\":1}}','2018-01-31 07:09:35','2018-01-31 07:07:04','2018-01-31 07:09:35'),('5c57bfec-9f78-44bc-bfb7-04ac2828d24a','App\\Notifications\\notifyStudent',42,'App\\User','{\"repliedTime\":{\"date\":\"2018-01-31 15:08:06.646972\",\"timezone_type\":3,\"timezone\":\"Asia\\/Hong_Kong\"},\"content\":{\"content\":\"Somebody answered your question!\",\"topic\":\"Answered Your Question!\",\"course_id\":\"COMP2222\"},\"type\":0,\"user\":{\"id\":42,\"name\":\"Test2\",\"nickname\":\"Test2\",\"email\":\"test2@polyu.edu.hk\",\"created_at\":\"2018-01-29 15:42:27\",\"updated_at\":\"2018-01-31 15:07:53\",\"status\":0,\"notify_answered\":1,\"notify_viewed\":1,\"notify_rated\":1,\"announce_email\":1,\"email_report\":1,\"last_activity_date\":\"2018-01-31 15:07:53\",\"last_update_date\":null,\"tried_first_answer_flag\":1}}','2018-01-31 07:08:19','2018-01-31 07:08:06','2018-01-31 07:08:19'),('667f3500-0ce5-4e8e-89b3-286f7bea6592','App\\Notifications\\notifyStudent',50,'App\\User','{\"repliedTime\":{\"date\":\"2018-01-31 15:03:30.100142\",\"timezone_type\":3,\"timezone\":\"Asia\\/Hong_Kong\"},\"content\":{\"content\":\"Somebody answered your question!\",\"topic\":\"Answered Your Question!\",\"course_id\":\"COMP2222\"},\"type\":0,\"user\":{\"id\":50,\"name\":\"Test9\",\"nickname\":\"Test9\",\"email\":\"test9@polyu.edu.hk\",\"created_at\":\"2018-01-29 15:51:19\",\"updated_at\":\"2018-01-31 15:02:20\",\"status\":0,\"notify_answered\":1,\"notify_viewed\":1,\"notify_rated\":1,\"announce_email\":1,\"email_report\":1,\"last_activity_date\":\"2018-01-31 15:02:20\",\"last_update_date\":null,\"tried_first_answer_flag\":0}}','2018-01-31 07:05:09','2018-01-31 07:03:30','2018-01-31 07:05:09'),('6a76d52d-7031-45d2-be59-8d89e0c7768f','App\\Notifications\\notifyStudent',52,'App\\User','{\"repliedTime\":{\"date\":\"2018-01-31 15:05:31.551565\",\"timezone_type\":3,\"timezone\":\"Asia\\/Hong_Kong\"},\"content\":{\"content\":\"Somebody answered your question!\",\"topic\":\"Answered Your Question!\",\"course_id\":\"COMP2222\"},\"type\":0,\"user\":{\"id\":52,\"name\":\"Test12\",\"nickname\":\"Test12\",\"email\":\"test12@polyu.edu.hk\",\"created_at\":\"2018-01-29 15:52:45\",\"updated_at\":\"2018-01-31 15:05:17\",\"status\":0,\"notify_answered\":1,\"notify_viewed\":1,\"notify_rated\":1,\"announce_email\":1,\"email_report\":1,\"last_activity_date\":\"2018-01-31 15:05:17\",\"last_update_date\":null,\"tried_first_answer_flag\":0}}','2018-01-31 07:07:06','2018-01-31 07:05:31','2018-01-31 07:07:06'),('6a9dfeea-4fa3-43f1-8ee1-138766b61749','App\\Notifications\\notifyStudent',43,'App\\User','{\"repliedTime\":{\"date\":\"2018-01-31 15:14:24.990337\",\"timezone_type\":3,\"timezone\":\"Asia\\/Hong_Kong\"},\"content\":{\"content\":\"Somebody answered your question!\",\"topic\":\"Answered Your Question!\",\"course_id\":\"COMP2222\"},\"type\":0,\"user\":{\"id\":43,\"name\":\"Test3\",\"nickname\":\"Test3\",\"email\":\"test3@polyu.edu.hk\",\"created_at\":\"2018-01-29 15:42:51\",\"updated_at\":\"2018-01-31 15:13:53\",\"status\":0,\"notify_answered\":1,\"notify_viewed\":1,\"notify_rated\":1,\"announce_email\":1,\"email_report\":1,\"last_activity_date\":\"2018-01-31 15:13:53\",\"last_update_date\":null,\"tried_first_answer_flag\":1}}','2018-01-31 07:14:39','2018-01-31 07:14:24','2018-01-31 07:14:39'),('6b635d76-2fc4-4936-8ce7-2ee5dd0fdafc','App\\Notifications\\notifyStudent',50,'App\\User','{\"repliedTime\":{\"date\":\"2018-01-31 15:07:00.191686\",\"timezone_type\":3,\"timezone\":\"Asia\\/Hong_Kong\"},\"content\":{\"content\":\"Somebody answered your question!\",\"topic\":\"Answered Your Question!\",\"course_id\":\"COMP2222\"},\"type\":0,\"user\":{\"id\":50,\"name\":\"Test9\",\"nickname\":\"Test9\",\"email\":\"test9@polyu.edu.hk\",\"created_at\":\"2018-01-29 15:51:19\",\"updated_at\":\"2018-01-31 15:06:59\",\"status\":0,\"notify_answered\":1,\"notify_viewed\":1,\"notify_rated\":1,\"announce_email\":1,\"email_report\":1,\"last_activity_date\":\"2018-01-31 15:06:59\",\"last_update_date\":null,\"tried_first_answer_flag\":1}}','2018-01-31 07:14:07','2018-01-31 07:07:00','2018-01-31 07:14:07'),('6e4d6ddd-c928-4586-8fab-63730a6f5514','App\\Notifications\\notifyStudent',52,'App\\User','{\"repliedTime\":{\"date\":\"2018-01-31 15:06:59.829159\",\"timezone_type\":3,\"timezone\":\"Asia\\/Hong_Kong\"},\"content\":{\"content\":\"Somebody answered your question!\",\"topic\":\"Answered Your Question!\",\"course_id\":\"COMP2222\"},\"type\":0,\"user\":{\"id\":52,\"name\":\"Test12\",\"nickname\":\"Test12\",\"email\":\"test12@polyu.edu.hk\",\"created_at\":\"2018-01-29 15:52:45\",\"updated_at\":\"2018-01-31 15:06:36\",\"status\":0,\"notify_answered\":1,\"notify_viewed\":1,\"notify_rated\":1,\"announce_email\":1,\"email_report\":1,\"last_activity_date\":\"2018-01-31 15:06:36\",\"last_update_date\":null,\"tried_first_answer_flag\":1}}','2018-01-31 07:07:06','2018-01-31 07:06:59','2018-01-31 07:07:06'),('75541a4e-db7a-4707-a5cc-28014aacf8dc','App\\Notifications\\notifyStudent',44,'App\\User','{\"repliedTime\":{\"date\":\"2018-01-31 15:06:12.004076\",\"timezone_type\":3,\"timezone\":\"Asia\\/Hong_Kong\"},\"content\":{\"content\":\"Somebody rated your questions! Come back and see details.\",\"topic\":\"Your Peer Rated Yours!\",\"course_id\":\"COMP2222\"},\"type\":0,\"user\":{\"id\":44,\"name\":\"Test4\",\"nickname\":\"Test4\",\"email\":\"test4@polyu.edu.hk\",\"created_at\":\"2018-01-29 15:43:49\",\"updated_at\":\"2018-01-31 15:06:02\",\"status\":0,\"notify_answered\":1,\"notify_viewed\":1,\"notify_rated\":1,\"announce_email\":1,\"email_report\":1,\"last_activity_date\":\"2018-01-31 15:06:02\",\"last_update_date\":null,\"tried_first_answer_flag\":0}}','2018-01-31 07:09:36','2018-01-31 07:06:12','2018-01-31 07:09:36'),('77bacf1a-a1df-439c-9aad-ba138c569c27','App\\Notifications\\notifyStudent',52,'App\\User','{\"repliedTime\":{\"date\":\"2018-01-31 15:08:12.564050\",\"timezone_type\":3,\"timezone\":\"Asia\\/Hong_Kong\"},\"content\":{\"content\":\"Somebody rated your questions! Come back and see details.\",\"topic\":\"Your Peer Rated Yours!\",\"course_id\":\"COMP2222\"},\"type\":0,\"user\":{\"id\":52,\"name\":\"Test12\",\"nickname\":\"Test12\",\"email\":\"test12@polyu.edu.hk\",\"created_at\":\"2018-01-29 15:52:45\",\"updated_at\":\"2018-01-31 15:07:59\",\"status\":0,\"notify_answered\":1,\"notify_viewed\":1,\"notify_rated\":1,\"announce_email\":1,\"email_report\":1,\"last_activity_date\":\"2018-01-31 15:07:59\",\"last_update_date\":null,\"tried_first_answer_flag\":1}}','2018-01-31 07:08:55','2018-01-31 07:08:12','2018-01-31 07:08:55'),('786ea2a1-6893-4194-99ec-365d5bfc5b09','App\\Notifications\\notifyStudent',42,'App\\User','{\"repliedTime\":{\"date\":\"2018-01-31 15:06:37.778715\",\"timezone_type\":3,\"timezone\":\"Asia\\/Hong_Kong\"},\"content\":{\"content\":\"Somebody answered your question!\",\"topic\":\"Answered Your Question!\",\"course_id\":\"COMP2222\"},\"type\":0,\"user\":{\"id\":42,\"name\":\"Test2\",\"nickname\":\"Test2\",\"email\":\"test2@polyu.edu.hk\",\"created_at\":\"2018-01-29 15:42:27\",\"updated_at\":\"2018-01-31 15:06:16\",\"status\":0,\"notify_answered\":1,\"notify_viewed\":1,\"notify_rated\":1,\"announce_email\":1,\"email_report\":1,\"last_activity_date\":\"2018-01-31 15:06:16\",\"last_update_date\":null,\"tried_first_answer_flag\":0}}','2018-01-31 07:07:10','2018-01-31 07:06:37','2018-01-31 07:07:10'),('79cb9bb8-9772-40d9-9a7f-494e6ea18345','App\\Notifications\\notifyStudent',50,'App\\User','{\"repliedTime\":{\"date\":\"2018-01-31 15:07:21.643109\",\"timezone_type\":3,\"timezone\":\"Asia\\/Hong_Kong\"},\"content\":{\"content\":\"Somebody answered your question!\",\"topic\":\"Answered Your Question!\",\"course_id\":\"COMP2222\"},\"type\":0,\"user\":{\"id\":50,\"name\":\"Test9\",\"nickname\":\"Test9\",\"email\":\"test9@polyu.edu.hk\",\"created_at\":\"2018-01-29 15:51:19\",\"updated_at\":\"2018-01-31 15:06:59\",\"status\":0,\"notify_answered\":1,\"notify_viewed\":1,\"notify_rated\":1,\"announce_email\":1,\"email_report\":1,\"last_activity_date\":\"2018-01-31 15:06:59\",\"last_update_date\":null,\"tried_first_answer_flag\":1}}','2018-01-31 07:14:07','2018-01-31 07:07:21','2018-01-31 07:14:07'),('7b7291f8-b61b-4e73-975f-e8775975cb1e','App\\Notifications\\notifyStudent',50,'App\\User','{\"repliedTime\":{\"date\":\"2018-01-31 14:59:25.292949\",\"timezone_type\":3,\"timezone\":\"Asia\\/Hong_Kong\"},\"content\":{\"content\":\"Somebody rated your questions! Come back and see details.\",\"topic\":\"Your Peer Rated Yours!\",\"course_id\":\"COMP2222\"},\"type\":0,\"user\":{\"id\":50,\"name\":\"Test9\",\"nickname\":\"Test9\",\"email\":\"test9@polyu.edu.hk\",\"created_at\":\"2018-01-29 15:51:19\",\"updated_at\":\"2018-01-31 14:58:45\",\"status\":0,\"notify_answered\":1,\"notify_viewed\":1,\"notify_rated\":1,\"announce_email\":1,\"email_report\":1,\"last_activity_date\":\"2018-01-31 14:58:45\",\"last_update_date\":null,\"tried_first_answer_flag\":0}}','2018-01-31 07:00:11','2018-01-31 06:59:25','2018-01-31 07:00:11'),('7cc6c06c-7185-4227-af49-1efd9bd2066c','App\\Notifications\\notifyStudent',44,'App\\User','{\"repliedTime\":{\"date\":\"2018-01-31 15:06:03.117176\",\"timezone_type\":3,\"timezone\":\"Asia\\/Hong_Kong\"},\"content\":{\"content\":\"Somebody answered your question!\",\"topic\":\"Answered Your Question!\",\"course_id\":\"COMP2222\"},\"type\":0,\"user\":{\"id\":44,\"name\":\"Test4\",\"nickname\":\"Test4\",\"email\":\"test4@polyu.edu.hk\",\"created_at\":\"2018-01-29 15:43:49\",\"updated_at\":\"2018-01-31 15:06:02\",\"status\":0,\"notify_answered\":1,\"notify_viewed\":1,\"notify_rated\":1,\"announce_email\":1,\"email_report\":1,\"last_activity_date\":\"2018-01-31 15:06:02\",\"last_update_date\":null,\"tried_first_answer_flag\":0}}','2018-01-31 07:09:36','2018-01-31 07:06:03','2018-01-31 07:09:36'),('808f26e1-4ac2-4172-9298-3e0a2df52b56','App\\Notifications\\notifyStudent',44,'App\\User','{\"repliedTime\":{\"date\":\"2018-01-31 15:08:06.476516\",\"timezone_type\":3,\"timezone\":\"Asia\\/Hong_Kong\"},\"content\":{\"content\":\"Somebody answered your question!\",\"topic\":\"Answered Your Question!\",\"course_id\":\"COMP2222\"},\"type\":0,\"user\":{\"id\":44,\"name\":\"Test4\",\"nickname\":\"Test4\",\"email\":\"test4@polyu.edu.hk\",\"created_at\":\"2018-01-29 15:43:49\",\"updated_at\":\"2018-01-31 15:07:54\",\"status\":0,\"notify_answered\":1,\"notify_viewed\":1,\"notify_rated\":1,\"announce_email\":1,\"email_report\":1,\"last_activity_date\":\"2018-01-31 15:07:54\",\"last_update_date\":null,\"tried_first_answer_flag\":1}}','2018-01-31 07:09:35','2018-01-31 07:08:06','2018-01-31 07:09:35'),('80f11828-33a6-4b92-87a4-d820b9736cca','App\\Notifications\\notifyStudent',52,'App\\User','{\"repliedTime\":{\"date\":\"2018-01-31 15:05:45.279581\",\"timezone_type\":3,\"timezone\":\"Asia\\/Hong_Kong\"},\"content\":{\"content\":\"Somebody answered your question!\",\"topic\":\"Answered Your Question!\",\"course_id\":\"COMP2222\"},\"type\":0,\"user\":{\"id\":52,\"name\":\"Test12\",\"nickname\":\"Test12\",\"email\":\"test12@polyu.edu.hk\",\"created_at\":\"2018-01-29 15:52:45\",\"updated_at\":\"2018-01-31 15:05:42\",\"status\":0,\"notify_answered\":1,\"notify_viewed\":1,\"notify_rated\":1,\"announce_email\":1,\"email_report\":1,\"last_activity_date\":\"2018-01-31 15:05:42\",\"last_update_date\":null,\"tried_first_answer_flag\":1}}','2018-01-31 07:07:06','2018-01-31 07:05:45','2018-01-31 07:07:06'),('81a955f3-847e-4ad5-8726-95e0c5907442','App\\Notifications\\notifyStudent',46,'App\\User','{\"repliedTime\":{\"date\":\"2018-01-31 15:16:21.810529\",\"timezone_type\":3,\"timezone\":\"Asia\\/Hong_Kong\"},\"content\":{\"content\":\"Somebody answered your question!\",\"topic\":\"Answered Your Question!\",\"course_id\":\"COMP2222\"},\"type\":0,\"user\":{\"id\":46,\"name\":\"Test6\",\"nickname\":\"Test6\",\"email\":\"test6@polyu.edu.hk\",\"created_at\":\"2018-01-29 15:44:37\",\"updated_at\":\"2018-01-31 15:16:17\",\"status\":0,\"notify_answered\":1,\"notify_viewed\":1,\"notify_rated\":1,\"announce_email\":1,\"email_report\":1,\"last_activity_date\":\"2018-01-31 15:16:17\",\"last_update_date\":null,\"tried_first_answer_flag\":1}}','2018-01-31 07:16:22','2018-01-31 07:16:21','2018-01-31 07:16:22'),('81afcc02-cee9-423d-90ea-157313ef8fca','App\\Notifications\\notifyStudent',48,'App\\User','{\"repliedTime\":{\"date\":\"2018-01-31 15:02:44.086297\",\"timezone_type\":3,\"timezone\":\"Asia\\/Hong_Kong\"},\"content\":{\"content\":\"Somebody answered your question!\",\"topic\":\"Answered Your Question!\",\"course_id\":\"COMP2222\"},\"type\":0,\"user\":{\"id\":48,\"name\":\"Test10\",\"nickname\":\"Test10\",\"email\":\"test10@polyu.edu.hk\",\"created_at\":\"2018-01-29 15:48:51\",\"updated_at\":\"2018-01-31 15:02:29\",\"status\":0,\"notify_answered\":1,\"notify_viewed\":1,\"notify_rated\":1,\"announce_email\":1,\"email_report\":1,\"last_activity_date\":\"2018-01-31 15:02:29\",\"last_update_date\":null,\"tried_first_answer_flag\":0}}','2018-01-31 07:15:23','2018-01-31 07:02:44','2018-01-31 07:15:23'),('82de827e-c751-49ab-953f-860504758545','App\\Notifications\\notifyStudent',43,'App\\User','{\"repliedTime\":{\"date\":\"2018-01-31 15:14:36.158362\",\"timezone_type\":3,\"timezone\":\"Asia\\/Hong_Kong\"},\"content\":{\"content\":\"Somebody answered your question!\",\"topic\":\"Answered Your Question!\",\"course_id\":\"COMP2222\"},\"type\":0,\"user\":{\"id\":43,\"name\":\"Test3\",\"nickname\":\"Test3\",\"email\":\"test3@polyu.edu.hk\",\"created_at\":\"2018-01-29 15:42:51\",\"updated_at\":\"2018-01-31 15:14:31\",\"status\":0,\"notify_answered\":1,\"notify_viewed\":1,\"notify_rated\":1,\"announce_email\":1,\"email_report\":1,\"last_activity_date\":\"2018-01-31 15:14:31\",\"last_update_date\":null,\"tried_first_answer_flag\":1}}','2018-01-31 07:14:39','2018-01-31 07:14:36','2018-01-31 07:14:39'),('894539f9-a811-43d3-a8e4-7e88666ea88b','App\\Notifications\\notifyStudent',50,'App\\User','{\"repliedTime\":{\"date\":\"2018-01-31 14:59:12.400320\",\"timezone_type\":3,\"timezone\":\"Asia\\/Hong_Kong\"},\"content\":{\"content\":\"Somebody answered your question!\",\"topic\":\"Answered Your Question!\",\"course_id\":\"COMP2222\"},\"type\":0,\"user\":{\"id\":50,\"name\":\"Test9\",\"nickname\":\"Test9\",\"email\":\"test9@polyu.edu.hk\",\"created_at\":\"2018-01-29 15:51:19\",\"updated_at\":\"2018-01-31 14:58:45\",\"status\":0,\"notify_answered\":1,\"notify_viewed\":1,\"notify_rated\":1,\"announce_email\":1,\"email_report\":1,\"last_activity_date\":\"2018-01-31 14:58:45\",\"last_update_date\":null,\"tried_first_answer_flag\":0}}','2018-01-31 07:00:11','2018-01-31 06:59:12','2018-01-31 07:00:11'),('8961da0d-a85c-47e3-92d5-2c1242765dcb','App\\Notifications\\notifyStudent',44,'App\\User','{\"repliedTime\":{\"date\":\"2018-01-31 15:05:15.939739\",\"timezone_type\":3,\"timezone\":\"Asia\\/Hong_Kong\"},\"content\":{\"content\":\"Somebody answered your question!\",\"topic\":\"Answered Your Question!\",\"course_id\":\"COMP2222\"},\"type\":0,\"user\":{\"id\":44,\"name\":\"Test4\",\"nickname\":\"Test4\",\"email\":\"test4@polyu.edu.hk\",\"created_at\":\"2018-01-29 15:43:49\",\"updated_at\":\"2018-01-31 15:05:13\",\"status\":0,\"notify_answered\":1,\"notify_viewed\":1,\"notify_rated\":1,\"announce_email\":1,\"email_report\":1,\"last_activity_date\":\"2018-01-31 15:05:13\",\"last_update_date\":null,\"tried_first_answer_flag\":0}}','2018-01-31 07:09:36','2018-01-31 07:05:15','2018-01-31 07:09:36'),('89d6237c-da4f-4801-9bee-d02bd46ecdf4','App\\Notifications\\notifyStudent',56,'App\\User','{\"repliedTime\":{\"date\":\"2018-01-31 15:14:39.947879\",\"timezone_type\":3,\"timezone\":\"Asia\\/Hong_Kong\"},\"content\":{\"content\":\"Somebody answered your question!\",\"topic\":\"Answered Your Question!\",\"course_id\":\"COMP2222\"},\"type\":0,\"user\":{\"id\":56,\"name\":\"Test16\",\"nickname\":\"Test16\",\"email\":\"test16@polyu.edu.hk\",\"created_at\":\"2018-01-29 15:54:12\",\"updated_at\":\"2018-01-31 15:14:14\",\"status\":0,\"notify_answered\":1,\"notify_viewed\":1,\"notify_rated\":1,\"announce_email\":1,\"email_report\":1,\"last_activity_date\":\"2018-01-31 15:14:14\",\"last_update_date\":null,\"tried_first_answer_flag\":1}}',NULL,'2018-01-31 07:14:39','2018-01-31 07:14:39'),('8c2682a7-4b7f-4012-89ce-5eb9c4c93290','App\\Notifications\\notifyStudent',44,'App\\User','{\"repliedTime\":{\"date\":\"2018-01-31 15:06:20.719220\",\"timezone_type\":3,\"timezone\":\"Asia\\/Hong_Kong\"},\"content\":{\"content\":\"Somebody rated your questions! Come back and see details.\",\"topic\":\"Your Peer Rated Yours!\",\"course_id\":\"COMP2222\"},\"type\":0,\"user\":{\"id\":44,\"name\":\"Test4\",\"nickname\":\"Test4\",\"email\":\"test4@polyu.edu.hk\",\"created_at\":\"2018-01-29 15:43:49\",\"updated_at\":\"2018-01-31 15:06:14\",\"status\":0,\"notify_answered\":1,\"notify_viewed\":1,\"notify_rated\":1,\"announce_email\":1,\"email_report\":1,\"last_activity_date\":\"2018-01-31 15:06:14\",\"last_update_date\":null,\"tried_first_answer_flag\":1}}','2018-01-31 07:09:35','2018-01-31 07:06:20','2018-01-31 07:09:35'),('8f643d53-1bbf-43fb-a6f5-d2df03ce3cff','App\\Notifications\\notifyStudent',56,'App\\User','{\"repliedTime\":{\"date\":\"2018-01-31 15:08:54.214809\",\"timezone_type\":3,\"timezone\":\"Asia\\/Hong_Kong\"},\"content\":{\"content\":\"Somebody rated your questions! Come back and see details.\",\"topic\":\"Your Peer Rated Yours!\",\"course_id\":\"COMP2222\"},\"type\":0,\"user\":{\"id\":56,\"name\":\"Test16\",\"nickname\":\"Test16\",\"email\":\"test16@polyu.edu.hk\",\"created_at\":\"2018-01-29 15:54:12\",\"updated_at\":\"2018-01-31 15:08:25\",\"status\":0,\"notify_answered\":1,\"notify_viewed\":1,\"notify_rated\":1,\"announce_email\":1,\"email_report\":1,\"last_activity_date\":\"2018-01-31 15:08:25\",\"last_update_date\":null,\"tried_first_answer_flag\":1}}','2018-01-31 07:09:09','2018-01-31 07:08:54','2018-01-31 07:09:09'),('9188a434-459d-4cab-95d9-754ad70af245','App\\Notifications\\notifyStudent',56,'App\\User','{\"repliedTime\":{\"date\":\"2018-01-31 15:03:12.950144\",\"timezone_type\":3,\"timezone\":\"Asia\\/Hong_Kong\"},\"content\":{\"content\":\"Somebody answered your question!\",\"topic\":\"Answered Your Question!\",\"course_id\":\"COMP2222\"},\"type\":0,\"user\":{\"id\":56,\"name\":\"Test16\",\"nickname\":\"Test16\",\"email\":\"test16@polyu.edu.hk\",\"created_at\":\"2018-01-29 15:54:12\",\"updated_at\":\"2018-01-31 15:02:06\",\"status\":0,\"notify_answered\":1,\"notify_viewed\":1,\"notify_rated\":1,\"announce_email\":1,\"email_report\":1,\"last_activity_date\":\"2018-01-31 15:02:06\",\"last_update_date\":null,\"tried_first_answer_flag\":0}}','2018-01-31 07:09:09','2018-01-31 07:03:12','2018-01-31 07:09:09'),('9259f828-790c-4a12-be0d-6b6c1daab076','App\\Notifications\\notifyStudent',45,'App\\User','{\"repliedTime\":{\"date\":\"2018-01-31 15:07:21.638648\",\"timezone_type\":3,\"timezone\":\"Asia\\/Hong_Kong\"},\"content\":{\"content\":\"Somebody answered your question!\",\"topic\":\"Answered Your Question!\",\"course_id\":\"COMP2222\"},\"type\":0,\"user\":{\"id\":45,\"name\":\"Test5\",\"nickname\":\"Test5\",\"email\":\"test5@polyu.edu.hk\",\"created_at\":\"2018-01-29 15:44:12\",\"updated_at\":\"2018-01-31 15:07:07\",\"status\":0,\"notify_answered\":1,\"notify_viewed\":1,\"notify_rated\":1,\"announce_email\":1,\"email_report\":1,\"last_activity_date\":\"2018-01-31 15:07:07\",\"last_update_date\":null,\"tried_first_answer_flag\":0}}','2018-01-31 07:09:56','2018-01-31 07:07:21','2018-01-31 07:09:56'),('94c5f7ce-9378-42db-8bb1-520cd8d59322','App\\Notifications\\notifyStudent',50,'App\\User','{\"repliedTime\":{\"date\":\"2018-01-31 15:03:19.371625\",\"timezone_type\":3,\"timezone\":\"Asia\\/Hong_Kong\"},\"content\":{\"content\":\"Somebody answered your question!\",\"topic\":\"Answered Your Question!\",\"course_id\":\"COMP2222\"},\"type\":0,\"user\":{\"id\":50,\"name\":\"Test9\",\"nickname\":\"Test9\",\"email\":\"test9@polyu.edu.hk\",\"created_at\":\"2018-01-29 15:51:19\",\"updated_at\":\"2018-01-31 15:02:20\",\"status\":0,\"notify_answered\":1,\"notify_viewed\":1,\"notify_rated\":1,\"announce_email\":1,\"email_report\":1,\"last_activity_date\":\"2018-01-31 15:02:20\",\"last_update_date\":null,\"tried_first_answer_flag\":0}}','2018-01-31 07:05:09','2018-01-31 07:03:19','2018-01-31 07:05:09'),('96123972-1d07-479a-bbc5-0762f89318e8','App\\Notifications\\notifyStudent',56,'App\\User','{\"repliedTime\":{\"date\":\"2018-01-31 15:04:29.374521\",\"timezone_type\":3,\"timezone\":\"Asia\\/Hong_Kong\"},\"content\":{\"content\":\"Somebody rated your questions! Come back and see details.\",\"topic\":\"Your Peer Rated Yours!\",\"course_id\":\"COMP2222\"},\"type\":0,\"user\":{\"id\":56,\"name\":\"Test16\",\"nickname\":\"Test16\",\"email\":\"test16@polyu.edu.hk\",\"created_at\":\"2018-01-29 15:54:12\",\"updated_at\":\"2018-01-31 15:02:06\",\"status\":0,\"notify_answered\":1,\"notify_viewed\":1,\"notify_rated\":1,\"announce_email\":1,\"email_report\":1,\"last_activity_date\":\"2018-01-31 15:02:06\",\"last_update_date\":null,\"tried_first_answer_flag\":0}}','2018-01-31 07:09:09','2018-01-31 07:04:29','2018-01-31 07:09:09'),('96124cf4-9530-45bc-8aa7-59951fa59faa','App\\Notifications\\notifyStudent',50,'App\\User','{\"repliedTime\":{\"date\":\"2018-01-31 15:06:59.896908\",\"timezone_type\":3,\"timezone\":\"Asia\\/Hong_Kong\"},\"content\":{\"content\":\"Somebody answered your question!\",\"topic\":\"Answered Your Question!\",\"course_id\":\"COMP2222\"},\"type\":0,\"user\":{\"id\":50,\"name\":\"Test9\",\"nickname\":\"Test9\",\"email\":\"test9@polyu.edu.hk\",\"created_at\":\"2018-01-29 15:51:19\",\"updated_at\":\"2018-01-31 15:06:59\",\"status\":0,\"notify_answered\":1,\"notify_viewed\":1,\"notify_rated\":1,\"announce_email\":1,\"email_report\":1,\"last_activity_date\":\"2018-01-31 15:06:59\",\"last_update_date\":null,\"tried_first_answer_flag\":1}}','2018-01-31 07:14:07','2018-01-31 07:06:59','2018-01-31 07:14:07'),('97da0eb0-24dc-43c6-a01f-5dbc145c9a8d','App\\Notifications\\notifyStudent',52,'App\\User','{\"repliedTime\":{\"date\":\"2018-01-31 15:05:35.674564\",\"timezone_type\":3,\"timezone\":\"Asia\\/Hong_Kong\"},\"content\":{\"content\":\"Somebody answered your question!\",\"topic\":\"Answered Your Question!\",\"course_id\":\"COMP2222\"},\"type\":0,\"user\":{\"id\":52,\"name\":\"Test12\",\"nickname\":\"Test12\",\"email\":\"test12@polyu.edu.hk\",\"created_at\":\"2018-01-29 15:52:45\",\"updated_at\":\"2018-01-31 15:05:33\",\"status\":0,\"notify_answered\":1,\"notify_viewed\":1,\"notify_rated\":1,\"announce_email\":1,\"email_report\":1,\"last_activity_date\":\"2018-01-31 15:05:33\",\"last_update_date\":null,\"tried_first_answer_flag\":0}}','2018-01-31 07:07:06','2018-01-31 07:05:35','2018-01-31 07:07:06'),('98694c7f-910f-4a3f-a004-cbb83cdb8f4a','App\\Notifications\\notifyStudent',46,'App\\User','{\"repliedTime\":{\"date\":\"2018-01-31 15:12:38.109693\",\"timezone_type\":3,\"timezone\":\"Asia\\/Hong_Kong\"},\"content\":{\"content\":\"Somebody answered your question!\",\"topic\":\"Answered Your Question!\",\"course_id\":\"COMP2222\"},\"type\":0,\"user\":{\"id\":46,\"name\":\"Test6\",\"nickname\":\"Test6\",\"email\":\"test6@polyu.edu.hk\",\"created_at\":\"2018-01-29 15:44:37\",\"updated_at\":\"2018-01-31 15:12:03\",\"status\":0,\"notify_answered\":1,\"notify_viewed\":1,\"notify_rated\":1,\"announce_email\":1,\"email_report\":1,\"last_activity_date\":\"2018-01-31 15:12:03\",\"last_update_date\":null,\"tried_first_answer_flag\":1}}','2018-01-31 07:13:14','2018-01-31 07:12:38','2018-01-31 07:13:14'),('98a653c4-3eae-4ced-bc39-82a7b6c005ca','App\\Notifications\\notifyStudent',50,'App\\User','{\"repliedTime\":{\"date\":\"2018-01-31 14:59:04.391071\",\"timezone_type\":3,\"timezone\":\"Asia\\/Hong_Kong\"},\"content\":{\"content\":\"Somebody answered your question!\",\"topic\":\"Answered Your Question!\",\"course_id\":\"COMP2222\"},\"type\":0,\"user\":{\"id\":50,\"name\":\"Test9\",\"nickname\":\"Test9\",\"email\":\"test9@polyu.edu.hk\",\"created_at\":\"2018-01-29 15:51:19\",\"updated_at\":\"2018-01-31 14:58:45\",\"status\":0,\"notify_answered\":1,\"notify_viewed\":1,\"notify_rated\":1,\"announce_email\":1,\"email_report\":1,\"last_activity_date\":\"2018-01-31 14:58:45\",\"last_update_date\":null,\"tried_first_answer_flag\":0}}','2018-01-31 07:00:11','2018-01-31 06:59:04','2018-01-31 07:00:11'),('9b2829ee-61d5-479c-a711-98b936a92823','App\\Notifications\\notifyStudent',52,'App\\User','{\"repliedTime\":{\"date\":\"2018-01-31 15:09:02.646211\",\"timezone_type\":3,\"timezone\":\"Asia\\/Hong_Kong\"},\"content\":{\"content\":\"Somebody answered your question!\",\"topic\":\"Answered Your Question!\",\"course_id\":\"COMP2222\"},\"type\":0,\"user\":{\"id\":52,\"name\":\"Test12\",\"nickname\":\"Test12\",\"email\":\"test12@polyu.edu.hk\",\"created_at\":\"2018-01-29 15:52:45\",\"updated_at\":\"2018-01-31 15:08:55\",\"status\":0,\"notify_answered\":1,\"notify_viewed\":1,\"notify_rated\":1,\"announce_email\":1,\"email_report\":1,\"last_activity_date\":\"2018-01-31 15:08:55\",\"last_update_date\":null,\"tried_first_answer_flag\":1}}','2018-01-31 07:09:12','2018-01-31 07:09:02','2018-01-31 07:09:12'),('9d09ff5d-451c-4243-97f5-de56a3d0076a','App\\Notifications\\notifyStudent',44,'App\\User','{\"repliedTime\":{\"date\":\"2018-01-31 15:07:51.703848\",\"timezone_type\":3,\"timezone\":\"Asia\\/Hong_Kong\"},\"content\":{\"content\":\"Somebody rated your questions! Come back and see details.\",\"topic\":\"Your Peer Rated Yours!\",\"course_id\":\"COMP2222\"},\"type\":0,\"user\":{\"id\":44,\"name\":\"Test4\",\"nickname\":\"Test4\",\"email\":\"test4@polyu.edu.hk\",\"created_at\":\"2018-01-29 15:43:49\",\"updated_at\":\"2018-01-31 15:07:39\",\"status\":0,\"notify_answered\":1,\"notify_viewed\":1,\"notify_rated\":1,\"announce_email\":1,\"email_report\":1,\"last_activity_date\":\"2018-01-31 15:07:39\",\"last_update_date\":null,\"tried_first_answer_flag\":1}}','2018-01-31 07:09:35','2018-01-31 07:07:51','2018-01-31 07:09:35'),('9dc6d13a-2005-4fc8-ad84-b1aa5c675d41','App\\Notifications\\notifyStudent',46,'App\\User','{\"repliedTime\":{\"date\":\"2018-01-31 15:12:12.117144\",\"timezone_type\":3,\"timezone\":\"Asia\\/Hong_Kong\"},\"content\":{\"content\":\"Somebody answered your question!\",\"topic\":\"Answered Your Question!\",\"course_id\":\"COMP2222\"},\"type\":0,\"user\":{\"id\":46,\"name\":\"Test6\",\"nickname\":\"Test6\",\"email\":\"test6@polyu.edu.hk\",\"created_at\":\"2018-01-29 15:44:37\",\"updated_at\":\"2018-01-31 15:12:03\",\"status\":0,\"notify_answered\":1,\"notify_viewed\":1,\"notify_rated\":1,\"announce_email\":1,\"email_report\":1,\"last_activity_date\":\"2018-01-31 15:12:03\",\"last_update_date\":null,\"tried_first_answer_flag\":1}}','2018-01-31 07:13:14','2018-01-31 07:12:12','2018-01-31 07:13:14'),('9eb3e960-08f0-4874-bdf3-6b2e7f9bf2c5','App\\Notifications\\notifyStudent',52,'App\\User','{\"repliedTime\":{\"date\":\"2018-01-31 15:05:28.888654\",\"timezone_type\":3,\"timezone\":\"Asia\\/Hong_Kong\"},\"content\":{\"content\":\"Somebody answered your question!\",\"topic\":\"Answered Your Question!\",\"course_id\":\"COMP2222\"},\"type\":0,\"user\":{\"id\":52,\"name\":\"Test12\",\"nickname\":\"Test12\",\"email\":\"test12@polyu.edu.hk\",\"created_at\":\"2018-01-29 15:52:45\",\"updated_at\":\"2018-01-31 15:05:17\",\"status\":0,\"notify_answered\":1,\"notify_viewed\":1,\"notify_rated\":1,\"announce_email\":1,\"email_report\":1,\"last_activity_date\":\"2018-01-31 15:05:17\",\"last_update_date\":null,\"tried_first_answer_flag\":0}}','2018-01-31 07:07:06','2018-01-31 07:05:28','2018-01-31 07:07:06'),('a060c1ea-982c-447a-9123-345ded965d48','App\\Notifications\\notifyStudent',60,'App\\User','{\"repliedTime\":{\"date\":\"2018-01-31 15:05:52.432029\",\"timezone_type\":3,\"timezone\":\"Asia\\/Hong_Kong\"},\"content\":{\"content\":\"Somebody answered your question!\",\"topic\":\"Answered Your Question!\",\"course_id\":\"COMP2222\"},\"type\":0,\"user\":{\"id\":60,\"name\":\"Test20\",\"nickname\":\"Test20\",\"email\":\"test20@polyu.edu.hk\",\"created_at\":\"2018-01-29 15:56:44\",\"updated_at\":\"2018-01-31 15:05:42\",\"status\":0,\"notify_answered\":1,\"notify_viewed\":1,\"notify_rated\":1,\"announce_email\":1,\"email_report\":1,\"last_activity_date\":\"2018-01-31 15:05:42\",\"last_update_date\":null,\"tried_first_answer_flag\":0}}','2018-01-31 07:11:40','2018-01-31 07:05:52','2018-01-31 07:11:40'),('a06b0363-22c3-42ea-bd7f-77dd37d1f917','App\\Notifications\\notifyStudent',42,'App\\User','{\"repliedTime\":{\"date\":\"2018-01-31 15:06:29.257996\",\"timezone_type\":3,\"timezone\":\"Asia\\/Hong_Kong\"},\"content\":{\"content\":\"Somebody answered your question!\",\"topic\":\"Answered Your Question!\",\"course_id\":\"COMP2222\"},\"type\":0,\"user\":{\"id\":42,\"name\":\"Test2\",\"nickname\":\"Test2\",\"email\":\"test2@polyu.edu.hk\",\"created_at\":\"2018-01-29 15:42:27\",\"updated_at\":\"2018-01-31 15:06:16\",\"status\":0,\"notify_answered\":1,\"notify_viewed\":1,\"notify_rated\":1,\"announce_email\":1,\"email_report\":1,\"last_activity_date\":\"2018-01-31 15:06:16\",\"last_update_date\":null,\"tried_first_answer_flag\":0}}','2018-01-31 07:07:10','2018-01-31 07:06:29','2018-01-31 07:07:10'),('a1161dfc-e736-44cc-b288-eab4f60f98a9','App\\Notifications\\notifyStudent',43,'App\\User','{\"repliedTime\":{\"date\":\"2018-01-31 15:10:34.402537\",\"timezone_type\":3,\"timezone\":\"Asia\\/Hong_Kong\"},\"content\":{\"content\":\"Somebody answered your question!\",\"topic\":\"Answered Your Question!\",\"course_id\":\"COMP2222\"},\"type\":0,\"user\":{\"id\":43,\"name\":\"Test3\",\"nickname\":\"Test3\",\"email\":\"test3@polyu.edu.hk\",\"created_at\":\"2018-01-29 15:42:51\",\"updated_at\":\"2018-01-31 15:10:26\",\"status\":0,\"notify_answered\":1,\"notify_viewed\":1,\"notify_rated\":1,\"announce_email\":1,\"email_report\":1,\"last_activity_date\":\"2018-01-31 15:10:26\",\"last_update_date\":null,\"tried_first_answer_flag\":1}}','2018-01-31 07:11:26','2018-01-31 07:10:34','2018-01-31 07:11:26'),('a1956088-fd24-4756-8f45-b9c9cd09be28','App\\Notifications\\notifyStudent',43,'App\\User','{\"repliedTime\":{\"date\":\"2018-01-31 15:06:04.503787\",\"timezone_type\":3,\"timezone\":\"Asia\\/Hong_Kong\"},\"content\":{\"content\":\"Somebody answered your question!\",\"topic\":\"Answered Your Question!\",\"course_id\":\"COMP2222\"},\"type\":0,\"user\":{\"id\":43,\"name\":\"Test3\",\"nickname\":\"Test3\",\"email\":\"test3@polyu.edu.hk\",\"created_at\":\"2018-01-29 15:42:51\",\"updated_at\":\"2018-01-31 15:05:46\",\"status\":0,\"notify_answered\":1,\"notify_viewed\":1,\"notify_rated\":1,\"announce_email\":1,\"email_report\":1,\"last_activity_date\":\"2018-01-31 15:05:46\",\"last_update_date\":null,\"tried_first_answer_flag\":1}}','2018-01-31 07:08:25','2018-01-31 07:06:04','2018-01-31 07:08:25'),('a1bc1f94-3ef3-46ab-b77f-abad6e10fe2c','App\\Notifications\\notifyStudent',47,'App\\User','{\"repliedTime\":{\"date\":\"2018-01-31 15:06:39.789653\",\"timezone_type\":3,\"timezone\":\"Asia\\/Hong_Kong\"},\"content\":{\"content\":\"Somebody answered your question!\",\"topic\":\"Answered Your Question!\",\"course_id\":\"COMP2222\"},\"type\":0,\"user\":{\"id\":47,\"name\":\"Test7\",\"nickname\":\"Test7\",\"email\":\"test7@polyu.edu.hk\",\"created_at\":\"2018-01-29 15:44:57\",\"updated_at\":\"2018-01-31 15:06:29\",\"status\":0,\"notify_answered\":1,\"notify_viewed\":1,\"notify_rated\":1,\"announce_email\":1,\"email_report\":1,\"last_activity_date\":\"2018-01-31 15:06:29\",\"last_update_date\":null,\"tried_first_answer_flag\":1}}','2018-02-02 12:27:27','2018-01-31 07:06:39','2018-02-02 12:27:27'),('a57fe85f-94b3-43f8-88c5-ca4690d13cc9','App\\Notifications\\notifyStudent',57,'App\\User','{\"repliedTime\":{\"date\":\"2018-01-31 15:00:48.389547\",\"timezone_type\":3,\"timezone\":\"Asia\\/Hong_Kong\"},\"content\":{\"content\":\"Somebody answered your question!\",\"topic\":\"Answered Your Question!\",\"course_id\":\"COMP2222\"},\"type\":0,\"user\":{\"id\":57,\"name\":\"Test17\",\"nickname\":\"Test17\",\"email\":\"test17@polyu.edu.hk\",\"created_at\":\"2018-01-29 15:54:34\",\"updated_at\":\"2018-01-31 14:59:14\",\"status\":0,\"notify_answered\":1,\"notify_viewed\":1,\"notify_rated\":1,\"announce_email\":1,\"email_report\":1,\"last_activity_date\":\"2018-01-31 14:59:14\",\"last_update_date\":null,\"tried_first_answer_flag\":0}}','2018-01-31 07:02:16','2018-01-31 07:00:48','2018-01-31 07:02:16'),('a922fc97-b73d-4ac8-bd44-5ab8369183f3','App\\Notifications\\notifyStudent',50,'App\\User','{\"repliedTime\":{\"date\":\"2018-01-31 15:05:57.465822\",\"timezone_type\":3,\"timezone\":\"Asia\\/Hong_Kong\"},\"content\":{\"content\":\"Somebody rated your questions! Come back and see details.\",\"topic\":\"Your Peer Rated Yours!\",\"course_id\":\"COMP2222\"},\"type\":0,\"user\":{\"id\":50,\"name\":\"Test9\",\"nickname\":\"Test9\",\"email\":\"test9@polyu.edu.hk\",\"created_at\":\"2018-01-29 15:51:19\",\"updated_at\":\"2018-01-31 15:05:53\",\"status\":0,\"notify_answered\":1,\"notify_viewed\":1,\"notify_rated\":1,\"announce_email\":1,\"email_report\":1,\"last_activity_date\":\"2018-01-31 15:05:53\",\"last_update_date\":null,\"tried_first_answer_flag\":1}}','2018-01-31 07:14:08','2018-01-31 07:05:57','2018-01-31 07:14:08'),('a96b78f9-ad0d-4045-a8df-faed889e91ae','App\\Notifications\\notifyStudent',47,'App\\User','{\"repliedTime\":{\"date\":\"2018-01-31 15:15:26.676754\",\"timezone_type\":3,\"timezone\":\"Asia\\/Hong_Kong\"},\"content\":{\"content\":\"Somebody rated your questions! Come back and see details.\",\"topic\":\"Your Peer Rated Yours!\",\"course_id\":\"COMP2222\"},\"type\":0,\"user\":{\"id\":47,\"name\":\"Test7\",\"nickname\":\"Test7\",\"email\":\"test7@polyu.edu.hk\",\"created_at\":\"2018-01-29 15:44:57\",\"updated_at\":\"2018-01-31 15:11:30\",\"status\":0,\"notify_answered\":1,\"notify_viewed\":1,\"notify_rated\":1,\"announce_email\":1,\"email_report\":1,\"last_activity_date\":\"2018-01-31 15:11:30\",\"last_update_date\":null,\"tried_first_answer_flag\":1}}','2018-02-02 12:27:27','2018-01-31 07:15:26','2018-02-02 12:27:27'),('aa7265b5-b0b6-4736-86ce-1ea6c9718b34','App\\Notifications\\notifyStudent',50,'App\\User','{\"repliedTime\":{\"date\":\"2018-01-31 15:07:38.391964\",\"timezone_type\":3,\"timezone\":\"Asia\\/Hong_Kong\"},\"content\":{\"content\":\"Somebody answered your question!\",\"topic\":\"Answered Your Question!\",\"course_id\":\"COMP2222\"},\"type\":0,\"user\":{\"id\":50,\"name\":\"Test9\",\"nickname\":\"Test9\",\"email\":\"test9@polyu.edu.hk\",\"created_at\":\"2018-01-29 15:51:19\",\"updated_at\":\"2018-01-31 15:06:59\",\"status\":0,\"notify_answered\":1,\"notify_viewed\":1,\"notify_rated\":1,\"announce_email\":1,\"email_report\":1,\"last_activity_date\":\"2018-01-31 15:06:59\",\"last_update_date\":null,\"tried_first_answer_flag\":1}}','2018-01-31 07:14:07','2018-01-31 07:07:38','2018-01-31 07:14:07'),('aad02a6a-4490-4ff4-8397-6fba0ac138b3','App\\Notifications\\notifyStudent',44,'App\\User','{\"repliedTime\":{\"date\":\"2018-01-31 15:07:05.169888\",\"timezone_type\":3,\"timezone\":\"Asia\\/Hong_Kong\"},\"content\":{\"content\":\"Somebody answered your question!\",\"topic\":\"Answered Your Question!\",\"course_id\":\"COMP2222\"},\"type\":0,\"user\":{\"id\":44,\"name\":\"Test4\",\"nickname\":\"Test4\",\"email\":\"test4@polyu.edu.hk\",\"created_at\":\"2018-01-29 15:43:49\",\"updated_at\":\"2018-01-31 15:06:55\",\"status\":0,\"notify_answered\":1,\"notify_viewed\":1,\"notify_rated\":1,\"announce_email\":1,\"email_report\":1,\"last_activity_date\":\"2018-01-31 15:06:55\",\"last_update_date\":null,\"tried_first_answer_flag\":1}}','2018-01-31 07:09:35','2018-01-31 07:07:05','2018-01-31 07:09:35'),('b0b1cceb-1f04-4b49-8b8c-e2d538d07994','App\\Notifications\\notifyStudent',46,'App\\User','{\"repliedTime\":{\"date\":\"2018-01-31 15:05:49.428574\",\"timezone_type\":3,\"timezone\":\"Asia\\/Hong_Kong\"},\"content\":{\"content\":\"Somebody rated your questions! Come back and see details.\",\"topic\":\"Your Peer Rated Yours!\",\"course_id\":\"COMP2222\"},\"type\":0,\"user\":{\"id\":46,\"name\":\"Test6\",\"nickname\":\"Test6\",\"email\":\"test6@polyu.edu.hk\",\"created_at\":\"2018-01-29 15:44:37\",\"updated_at\":\"2018-01-31 15:05:46\",\"status\":0,\"notify_answered\":1,\"notify_viewed\":1,\"notify_rated\":1,\"announce_email\":1,\"email_report\":1,\"last_activity_date\":\"2018-01-31 15:05:46\",\"last_update_date\":null,\"tried_first_answer_flag\":1}}','2018-01-31 07:06:49','2018-01-31 07:05:49','2018-01-31 07:06:49'),('b0e45387-0dc6-4418-bcda-a674da45de46','App\\Notifications\\notifyStudent',43,'App\\User','{\"repliedTime\":{\"date\":\"2018-01-31 15:11:13.995217\",\"timezone_type\":3,\"timezone\":\"Asia\\/Hong_Kong\"},\"content\":{\"content\":\"Somebody answered your question!\",\"topic\":\"Answered Your Question!\",\"course_id\":\"COMP2222\"},\"type\":0,\"user\":{\"id\":43,\"name\":\"Test3\",\"nickname\":\"Test3\",\"email\":\"test3@polyu.edu.hk\",\"created_at\":\"2018-01-29 15:42:51\",\"updated_at\":\"2018-01-31 15:10:26\",\"status\":0,\"notify_answered\":1,\"notify_viewed\":1,\"notify_rated\":1,\"announce_email\":1,\"email_report\":1,\"last_activity_date\":\"2018-01-31 15:10:26\",\"last_update_date\":null,\"tried_first_answer_flag\":1}}','2018-01-31 07:11:26','2018-01-31 07:11:13','2018-01-31 07:11:26'),('b3838c54-6470-4c81-b16e-ab266b1251ec','App\\Notifications\\notifyStudent',60,'App\\User','{\"repliedTime\":{\"date\":\"2018-01-31 15:06:02.729344\",\"timezone_type\":3,\"timezone\":\"Asia\\/Hong_Kong\"},\"content\":{\"content\":\"Somebody answered your question!\",\"topic\":\"Answered Your Question!\",\"course_id\":\"COMP2222\"},\"type\":0,\"user\":{\"id\":60,\"name\":\"Test20\",\"nickname\":\"Test20\",\"email\":\"test20@polyu.edu.hk\",\"created_at\":\"2018-01-29 15:56:44\",\"updated_at\":\"2018-01-31 15:05:42\",\"status\":0,\"notify_answered\":1,\"notify_viewed\":1,\"notify_rated\":1,\"announce_email\":1,\"email_report\":1,\"last_activity_date\":\"2018-01-31 15:05:42\",\"last_update_date\":null,\"tried_first_answer_flag\":0}}','2018-01-31 07:11:40','2018-01-31 07:06:02','2018-01-31 07:11:40'),('b3d2b1ec-d14b-4c37-b27d-39cae6d85882','App\\Notifications\\notifyStudent',50,'App\\User','{\"repliedTime\":{\"date\":\"2018-01-31 15:08:55.199153\",\"timezone_type\":3,\"timezone\":\"Asia\\/Hong_Kong\"},\"content\":{\"content\":\"Somebody rated your questions! Come back and see details.\",\"topic\":\"Your Peer Rated Yours!\",\"course_id\":\"COMP2222\"},\"type\":0,\"user\":{\"id\":50,\"name\":\"Test9\",\"nickname\":\"Test9\",\"email\":\"test9@polyu.edu.hk\",\"created_at\":\"2018-01-29 15:51:19\",\"updated_at\":\"2018-01-31 15:06:59\",\"status\":0,\"notify_answered\":1,\"notify_viewed\":1,\"notify_rated\":1,\"announce_email\":1,\"email_report\":1,\"last_activity_date\":\"2018-01-31 15:06:59\",\"last_update_date\":null,\"tried_first_answer_flag\":1}}','2018-01-31 07:14:07','2018-01-31 07:08:55','2018-01-31 07:14:07'),('b4957b90-1543-49b5-b95a-07a3b49856bc','App\\Notifications\\notifyStudent',43,'App\\User','{\"repliedTime\":{\"date\":\"2018-01-31 15:13:55.499762\",\"timezone_type\":3,\"timezone\":\"Asia\\/Hong_Kong\"},\"content\":{\"content\":\"Somebody answered your question!\",\"topic\":\"Answered Your Question!\",\"course_id\":\"COMP2222\"},\"type\":0,\"user\":{\"id\":43,\"name\":\"Test3\",\"nickname\":\"Test3\",\"email\":\"test3@polyu.edu.hk\",\"created_at\":\"2018-01-29 15:42:51\",\"updated_at\":\"2018-01-31 15:13:53\",\"status\":0,\"notify_answered\":1,\"notify_viewed\":1,\"notify_rated\":1,\"announce_email\":1,\"email_report\":1,\"last_activity_date\":\"2018-01-31 15:13:53\",\"last_update_date\":null,\"tried_first_answer_flag\":1}}','2018-01-31 07:14:39','2018-01-31 07:13:55','2018-01-31 07:14:39'),('b81ba531-4683-48dc-9758-3ca5dd5ba667','App\\Notifications\\notifyStudent',42,'App\\User','{\"repliedTime\":{\"date\":\"2018-01-31 15:07:00.064855\",\"timezone_type\":3,\"timezone\":\"Asia\\/Hong_Kong\"},\"content\":{\"content\":\"Somebody answered your question!\",\"topic\":\"Answered Your Question!\",\"course_id\":\"COMP2222\"},\"type\":0,\"user\":{\"id\":42,\"name\":\"Test2\",\"nickname\":\"Test2\",\"email\":\"test2@polyu.edu.hk\",\"created_at\":\"2018-01-29 15:42:27\",\"updated_at\":\"2018-01-31 15:06:39\",\"status\":0,\"notify_answered\":1,\"notify_viewed\":1,\"notify_rated\":1,\"announce_email\":1,\"email_report\":1,\"last_activity_date\":\"2018-01-31 15:06:39\",\"last_update_date\":null,\"tried_first_answer_flag\":1}}','2018-01-31 07:07:10','2018-01-31 07:07:00','2018-01-31 07:07:10'),('b9eba689-a83e-4ce9-a2f5-5a9b91c299c3','App\\Notifications\\notifyStudent',43,'App\\User','{\"repliedTime\":{\"date\":\"2018-01-31 15:11:27.747427\",\"timezone_type\":3,\"timezone\":\"Asia\\/Hong_Kong\"},\"content\":{\"content\":\"Somebody answered your question!\",\"topic\":\"Answered Your Question!\",\"course_id\":\"COMP2222\"},\"type\":0,\"user\":{\"id\":43,\"name\":\"Test3\",\"nickname\":\"Test3\",\"email\":\"test3@polyu.edu.hk\",\"created_at\":\"2018-01-29 15:42:51\",\"updated_at\":\"2018-01-31 15:11:27\",\"status\":0,\"notify_answered\":1,\"notify_viewed\":1,\"notify_rated\":1,\"announce_email\":1,\"email_report\":1,\"last_activity_date\":\"2018-01-31 15:11:27\",\"last_update_date\":null,\"tried_first_answer_flag\":1}}','2018-01-31 07:11:51','2018-01-31 07:11:27','2018-01-31 07:11:51'),('bb0d8dc1-fc07-4eae-bae2-6dd89ccebc4a','App\\Notifications\\notifyStudent',43,'App\\User','{\"repliedTime\":{\"date\":\"2018-01-31 15:05:49.675258\",\"timezone_type\":3,\"timezone\":\"Asia\\/Hong_Kong\"},\"content\":{\"content\":\"Somebody answered your question!\",\"topic\":\"Answered Your Question!\",\"course_id\":\"COMP2222\"},\"type\":0,\"user\":{\"id\":43,\"name\":\"Test3\",\"nickname\":\"Test3\",\"email\":\"test3@polyu.edu.hk\",\"created_at\":\"2018-01-29 15:42:51\",\"updated_at\":\"2018-01-31 15:05:46\",\"status\":0,\"notify_answered\":1,\"notify_viewed\":1,\"notify_rated\":1,\"announce_email\":1,\"email_report\":1,\"last_activity_date\":\"2018-01-31 15:05:46\",\"last_update_date\":null,\"tried_first_answer_flag\":1}}','2018-01-31 07:08:25','2018-01-31 07:05:49','2018-01-31 07:08:25'),('bd15dd19-3504-4048-9556-5bcd80e34681','App\\Notifications\\notifyStudent',44,'App\\User','{\"repliedTime\":{\"date\":\"2018-01-31 15:05:21.085418\",\"timezone_type\":3,\"timezone\":\"Asia\\/Hong_Kong\"},\"content\":{\"content\":\"Somebody answered your question!\",\"topic\":\"Answered Your Question!\",\"course_id\":\"COMP2222\"},\"type\":0,\"user\":{\"id\":44,\"name\":\"Test4\",\"nickname\":\"Test4\",\"email\":\"test4@polyu.edu.hk\",\"created_at\":\"2018-01-29 15:43:49\",\"updated_at\":\"2018-01-31 15:05:13\",\"status\":0,\"notify_answered\":1,\"notify_viewed\":1,\"notify_rated\":1,\"announce_email\":1,\"email_report\":1,\"last_activity_date\":\"2018-01-31 15:05:13\",\"last_update_date\":null,\"tried_first_answer_flag\":0}}','2018-01-31 07:09:36','2018-01-31 07:05:21','2018-01-31 07:09:36'),('bdc7abf2-58e9-4657-88a7-bd455a8c576a','App\\Notifications\\notifyStudent',50,'App\\User','{\"repliedTime\":{\"date\":\"2018-01-31 15:07:43.472652\",\"timezone_type\":3,\"timezone\":\"Asia\\/Hong_Kong\"},\"content\":{\"content\":\"Somebody rated your questions! Come back and see details.\",\"topic\":\"Your Peer Rated Yours!\",\"course_id\":\"COMP2222\"},\"type\":0,\"user\":{\"id\":50,\"name\":\"Test9\",\"nickname\":\"Test9\",\"email\":\"test9@polyu.edu.hk\",\"created_at\":\"2018-01-29 15:51:19\",\"updated_at\":\"2018-01-31 15:06:59\",\"status\":0,\"notify_answered\":1,\"notify_viewed\":1,\"notify_rated\":1,\"announce_email\":1,\"email_report\":1,\"last_activity_date\":\"2018-01-31 15:06:59\",\"last_update_date\":null,\"tried_first_answer_flag\":1}}','2018-01-31 07:14:07','2018-01-31 07:07:43','2018-01-31 07:14:07'),('bdcdf168-27b0-41f4-884f-dbc023684aed','App\\Notifications\\notifyStudent',47,'App\\User','{\"repliedTime\":{\"date\":\"2018-01-31 15:08:07.020716\",\"timezone_type\":3,\"timezone\":\"Asia\\/Hong_Kong\"},\"content\":{\"content\":\"Somebody answered your question!\",\"topic\":\"Answered Your Question!\",\"course_id\":\"COMP2222\"},\"type\":0,\"user\":{\"id\":47,\"name\":\"Test7\",\"nickname\":\"Test7\",\"email\":\"test7@polyu.edu.hk\",\"created_at\":\"2018-01-29 15:44:57\",\"updated_at\":\"2018-01-31 15:07:23\",\"status\":0,\"notify_answered\":1,\"notify_viewed\":1,\"notify_rated\":1,\"announce_email\":1,\"email_report\":1,\"last_activity_date\":\"2018-01-31 15:07:23\",\"last_update_date\":null,\"tried_first_answer_flag\":1}}','2018-02-02 12:27:27','2018-01-31 07:08:07','2018-02-02 12:27:27'),('be0cfc76-7382-4dd9-8ce7-bb3eb2cf453e','App\\Notifications\\notifyStudent',42,'App\\User','{\"repliedTime\":{\"date\":\"2018-01-31 15:05:59.522471\",\"timezone_type\":3,\"timezone\":\"Asia\\/Hong_Kong\"},\"content\":{\"content\":\"Somebody answered your question!\",\"topic\":\"Answered Your Question!\",\"course_id\":\"COMP2222\"},\"type\":0,\"user\":{\"id\":42,\"name\":\"Test2\",\"nickname\":\"Test2\",\"email\":\"test2@polyu.edu.hk\",\"created_at\":\"2018-01-29 15:42:27\",\"updated_at\":\"2018-01-31 15:05:35\",\"status\":0,\"notify_answered\":1,\"notify_viewed\":1,\"notify_rated\":1,\"announce_email\":1,\"email_report\":1,\"last_activity_date\":\"2018-01-31 15:05:35\",\"last_update_date\":null,\"tried_first_answer_flag\":0}}','2018-01-31 07:07:11','2018-01-31 07:05:59','2018-01-31 07:07:11'),('c011fe65-a76b-4d5e-a485-92886d2b213b','App\\Notifications\\notifyStudent',47,'App\\User','{\"repliedTime\":{\"date\":\"2018-01-31 15:15:06.195330\",\"timezone_type\":3,\"timezone\":\"Asia\\/Hong_Kong\"},\"content\":{\"content\":\"Somebody answered your question!\",\"topic\":\"Answered Your Question!\",\"course_id\":\"COMP2222\"},\"type\":0,\"user\":{\"id\":47,\"name\":\"Test7\",\"nickname\":\"Test7\",\"email\":\"test7@polyu.edu.hk\",\"created_at\":\"2018-01-29 15:44:57\",\"updated_at\":\"2018-01-31 15:11:30\",\"status\":0,\"notify_answered\":1,\"notify_viewed\":1,\"notify_rated\":1,\"announce_email\":1,\"email_report\":1,\"last_activity_date\":\"2018-01-31 15:11:30\",\"last_update_date\":null,\"tried_first_answer_flag\":1}}','2018-02-02 12:27:27','2018-01-31 07:15:06','2018-02-02 12:27:27'),('c0341434-fc76-4efb-878d-3951fd7d3d8d','App\\Notifications\\notifyStudent',44,'App\\User','{\"repliedTime\":{\"date\":\"2018-01-31 15:07:45.912299\",\"timezone_type\":3,\"timezone\":\"Asia\\/Hong_Kong\"},\"content\":{\"content\":\"Somebody answered your question!\",\"topic\":\"Answered Your Question!\",\"course_id\":\"COMP2222\"},\"type\":0,\"user\":{\"id\":44,\"name\":\"Test4\",\"nickname\":\"Test4\",\"email\":\"test4@polyu.edu.hk\",\"created_at\":\"2018-01-29 15:43:49\",\"updated_at\":\"2018-01-31 15:07:39\",\"status\":0,\"notify_answered\":1,\"notify_viewed\":1,\"notify_rated\":1,\"announce_email\":1,\"email_report\":1,\"last_activity_date\":\"2018-01-31 15:07:39\",\"last_update_date\":null,\"tried_first_answer_flag\":1}}','2018-01-31 07:09:35','2018-01-31 07:07:45','2018-01-31 07:09:35'),('c0b2c28e-b427-4981-8d95-51f5eea69709','App\\Notifications\\notifyStudent',44,'App\\User','{\"repliedTime\":{\"date\":\"2018-01-31 15:06:18.359075\",\"timezone_type\":3,\"timezone\":\"Asia\\/Hong_Kong\"},\"content\":{\"content\":\"Somebody answered your question!\",\"topic\":\"Answered Your Question!\",\"course_id\":\"COMP2222\"},\"type\":0,\"user\":{\"id\":44,\"name\":\"Test4\",\"nickname\":\"Test4\",\"email\":\"test4@polyu.edu.hk\",\"created_at\":\"2018-01-29 15:43:49\",\"updated_at\":\"2018-01-31 15:06:14\",\"status\":0,\"notify_answered\":1,\"notify_viewed\":1,\"notify_rated\":1,\"announce_email\":1,\"email_report\":1,\"last_activity_date\":\"2018-01-31 15:06:14\",\"last_update_date\":null,\"tried_first_answer_flag\":1}}','2018-01-31 07:09:35','2018-01-31 07:06:18','2018-01-31 07:09:35'),('c1137429-d42b-467d-b3fc-a81f24be046e','App\\Notifications\\notifyStudent',44,'App\\User','{\"repliedTime\":{\"date\":\"2018-01-31 15:10:25.004151\",\"timezone_type\":3,\"timezone\":\"Asia\\/Hong_Kong\"},\"content\":{\"content\":\"Somebody answered your question!\",\"topic\":\"Answered Your Question!\",\"course_id\":\"COMP2222\"},\"type\":0,\"user\":{\"id\":44,\"name\":\"Test4\",\"nickname\":\"Test4\",\"email\":\"test4@polyu.edu.hk\",\"created_at\":\"2018-01-29 15:43:49\",\"updated_at\":\"2018-01-31 15:10:17\",\"status\":0,\"notify_answered\":1,\"notify_viewed\":1,\"notify_rated\":1,\"announce_email\":1,\"email_report\":1,\"last_activity_date\":\"2018-01-31 15:10:17\",\"last_update_date\":null,\"tried_first_answer_flag\":1}}','2018-01-31 07:15:03','2018-01-31 07:10:25','2018-01-31 07:15:03'),('c1334573-4abb-4882-a415-423239726de6','App\\Notifications\\notifyStudent',44,'App\\User','{\"repliedTime\":{\"date\":\"2018-01-31 15:11:59.833926\",\"timezone_type\":3,\"timezone\":\"Asia\\/Hong_Kong\"},\"content\":{\"content\":\"Somebody answered your question!\",\"topic\":\"Answered Your Question!\",\"course_id\":\"COMP2222\"},\"type\":0,\"user\":{\"id\":44,\"name\":\"Test4\",\"nickname\":\"Test4\",\"email\":\"test4@polyu.edu.hk\",\"created_at\":\"2018-01-29 15:43:49\",\"updated_at\":\"2018-01-31 15:10:17\",\"status\":0,\"notify_answered\":1,\"notify_viewed\":1,\"notify_rated\":1,\"announce_email\":1,\"email_report\":1,\"last_activity_date\":\"2018-01-31 15:10:17\",\"last_update_date\":null,\"tried_first_answer_flag\":1}}','2018-01-31 07:15:03','2018-01-31 07:11:59','2018-01-31 07:15:03'),('c1ee0ff5-b7b9-4848-92c9-6a89ec461d56','App\\Notifications\\notifyStudent',56,'App\\User','{\"repliedTime\":{\"date\":\"2018-01-31 15:08:39.722137\",\"timezone_type\":3,\"timezone\":\"Asia\\/Hong_Kong\"},\"content\":{\"content\":\"Somebody answered your question!\",\"topic\":\"Answered Your Question!\",\"course_id\":\"COMP2222\"},\"type\":0,\"user\":{\"id\":56,\"name\":\"Test16\",\"nickname\":\"Test16\",\"email\":\"test16@polyu.edu.hk\",\"created_at\":\"2018-01-29 15:54:12\",\"updated_at\":\"2018-01-31 15:08:25\",\"status\":0,\"notify_answered\":1,\"notify_viewed\":1,\"notify_rated\":1,\"announce_email\":1,\"email_report\":1,\"last_activity_date\":\"2018-01-31 15:08:25\",\"last_update_date\":null,\"tried_first_answer_flag\":1}}','2018-01-31 07:09:09','2018-01-31 07:08:39','2018-01-31 07:09:09'),('c2dfad6a-5007-4752-9f71-89321998077b','App\\Notifications\\notifyStudent',50,'App\\User','{\"repliedTime\":{\"date\":\"2018-01-31 15:06:02.159728\",\"timezone_type\":3,\"timezone\":\"Asia\\/Hong_Kong\"},\"content\":{\"content\":\"Somebody answered your question!\",\"topic\":\"Answered Your Question!\",\"course_id\":\"COMP2222\"},\"type\":0,\"user\":{\"id\":50,\"name\":\"Test9\",\"nickname\":\"Test9\",\"email\":\"test9@polyu.edu.hk\",\"created_at\":\"2018-01-29 15:51:19\",\"updated_at\":\"2018-01-31 15:05:53\",\"status\":0,\"notify_answered\":1,\"notify_viewed\":1,\"notify_rated\":1,\"announce_email\":1,\"email_report\":1,\"last_activity_date\":\"2018-01-31 15:05:53\",\"last_update_date\":null,\"tried_first_answer_flag\":1}}','2018-01-31 07:14:07','2018-01-31 07:06:02','2018-01-31 07:14:07'),('c3388379-8dce-462e-9622-c6928d8be438','App\\Notifications\\notifyStudent',46,'App\\User','{\"repliedTime\":{\"date\":\"2018-01-31 15:06:23.977560\",\"timezone_type\":3,\"timezone\":\"Asia\\/Hong_Kong\"},\"content\":{\"content\":\"Somebody answered your question!\",\"topic\":\"Answered Your Question!\",\"course_id\":\"COMP2222\"},\"type\":0,\"user\":{\"id\":46,\"name\":\"Test6\",\"nickname\":\"Test6\",\"email\":\"test6@polyu.edu.hk\",\"created_at\":\"2018-01-29 15:44:37\",\"updated_at\":\"2018-01-31 15:06:15\",\"status\":0,\"notify_answered\":1,\"notify_viewed\":1,\"notify_rated\":1,\"announce_email\":1,\"email_report\":1,\"last_activity_date\":\"2018-01-31 15:06:15\",\"last_update_date\":null,\"tried_first_answer_flag\":1}}','2018-01-31 07:06:49','2018-01-31 07:06:23','2018-01-31 07:06:49'),('c593b46b-60f7-488f-9f96-67e5ca52bc11','App\\Notifications\\notifyStudent',60,'App\\User','{\"repliedTime\":{\"date\":\"2018-01-31 15:06:38.199877\",\"timezone_type\":3,\"timezone\":\"Asia\\/Hong_Kong\"},\"content\":{\"content\":\"Somebody answered your question!\",\"topic\":\"Answered Your Question!\",\"course_id\":\"COMP2222\"},\"type\":0,\"user\":{\"id\":60,\"name\":\"Test20\",\"nickname\":\"Test20\",\"email\":\"test20@polyu.edu.hk\",\"created_at\":\"2018-01-29 15:56:44\",\"updated_at\":\"2018-01-31 15:05:42\",\"status\":0,\"notify_answered\":1,\"notify_viewed\":1,\"notify_rated\":1,\"announce_email\":1,\"email_report\":1,\"last_activity_date\":\"2018-01-31 15:05:42\",\"last_update_date\":null,\"tried_first_answer_flag\":0}}','2018-01-31 07:11:40','2018-01-31 07:06:38','2018-01-31 07:11:40'),('c5bbe462-74e0-43d0-a016-4659109c0479','App\\Notifications\\notifyStudent',46,'App\\User','{\"repliedTime\":{\"date\":\"2018-01-31 15:07:51.564588\",\"timezone_type\":3,\"timezone\":\"Asia\\/Hong_Kong\"},\"content\":{\"content\":\"Somebody answered your question!\",\"topic\":\"Answered Your Question!\",\"course_id\":\"COMP2222\"},\"type\":0,\"user\":{\"id\":46,\"name\":\"Test6\",\"nickname\":\"Test6\",\"email\":\"test6@polyu.edu.hk\",\"created_at\":\"2018-01-29 15:44:37\",\"updated_at\":\"2018-01-31 15:07:47\",\"status\":0,\"notify_answered\":1,\"notify_viewed\":1,\"notify_rated\":1,\"announce_email\":1,\"email_report\":1,\"last_activity_date\":\"2018-01-31 15:07:47\",\"last_update_date\":null,\"tried_first_answer_flag\":1}}','2018-01-31 07:08:39','2018-01-31 07:07:51','2018-01-31 07:08:39'),('c762f4f3-9b85-4251-ad50-bd318df2200b','App\\Notifications\\notifyStudent',56,'App\\User','{\"repliedTime\":{\"date\":\"2018-01-31 15:04:22.762689\",\"timezone_type\":3,\"timezone\":\"Asia\\/Hong_Kong\"},\"content\":{\"content\":\"Somebody rated your questions! Come back and see details.\",\"topic\":\"Your Peer Rated Yours!\",\"course_id\":\"COMP2222\"},\"type\":0,\"user\":{\"id\":56,\"name\":\"Test16\",\"nickname\":\"Test16\",\"email\":\"test16@polyu.edu.hk\",\"created_at\":\"2018-01-29 15:54:12\",\"updated_at\":\"2018-01-31 15:02:06\",\"status\":0,\"notify_answered\":1,\"notify_viewed\":1,\"notify_rated\":1,\"announce_email\":1,\"email_report\":1,\"last_activity_date\":\"2018-01-31 15:02:06\",\"last_update_date\":null,\"tried_first_answer_flag\":0}}','2018-01-31 07:09:09','2018-01-31 07:04:22','2018-01-31 07:09:09'),('ccd19054-21a7-406f-854f-4811760a0485','App\\Notifications\\notifyStudent',45,'App\\User','{\"repliedTime\":{\"date\":\"2018-01-31 15:01:49.648236\",\"timezone_type\":3,\"timezone\":\"Asia\\/Hong_Kong\"},\"content\":{\"content\":\"Somebody answered your question!\",\"topic\":\"Answered Your Question!\",\"course_id\":\"COMP2222\"},\"type\":0,\"user\":{\"id\":45,\"name\":\"Test5\",\"nickname\":\"Test5\",\"email\":\"test5@polyu.edu.hk\",\"created_at\":\"2018-01-29 15:44:12\",\"updated_at\":\"2018-01-31 15:01:43\",\"status\":0,\"notify_answered\":1,\"notify_viewed\":1,\"notify_rated\":1,\"announce_email\":1,\"email_report\":1,\"last_activity_date\":\"2018-01-31 15:01:43\",\"last_update_date\":null,\"tried_first_answer_flag\":0}}','2018-01-31 07:02:37','2018-01-31 07:01:49','2018-01-31 07:02:37'),('cd081dc7-eca4-4057-83f6-4c6121978a63','App\\Notifications\\notifyStudent',43,'App\\User','{\"repliedTime\":{\"date\":\"2018-01-31 15:05:44.949028\",\"timezone_type\":3,\"timezone\":\"Asia\\/Hong_Kong\"},\"content\":{\"content\":\"Somebody answered your question!\",\"topic\":\"Answered Your Question!\",\"course_id\":\"COMP2222\"},\"type\":0,\"user\":{\"id\":43,\"name\":\"Test3\",\"nickname\":\"Test3\",\"email\":\"test3@polyu.edu.hk\",\"created_at\":\"2018-01-29 15:42:51\",\"updated_at\":\"2018-01-31 15:05:36\",\"status\":0,\"notify_answered\":1,\"notify_viewed\":1,\"notify_rated\":1,\"announce_email\":1,\"email_report\":1,\"last_activity_date\":\"2018-01-31 15:05:36\",\"last_update_date\":null,\"tried_first_answer_flag\":1}}','2018-01-31 07:08:25','2018-01-31 07:05:44','2018-01-31 07:08:25'),('d1a5b826-7b56-473e-82fd-c1218838efbd','App\\Notifications\\notifyStudent',50,'App\\User','{\"repliedTime\":{\"date\":\"2018-01-31 15:05:39.675167\",\"timezone_type\":3,\"timezone\":\"Asia\\/Hong_Kong\"},\"content\":{\"content\":\"Somebody answered your question!\",\"topic\":\"Answered Your Question!\",\"course_id\":\"COMP2222\"},\"type\":0,\"user\":{\"id\":50,\"name\":\"Test9\",\"nickname\":\"Test9\",\"email\":\"test9@polyu.edu.hk\",\"created_at\":\"2018-01-29 15:51:19\",\"updated_at\":\"2018-01-31 15:05:34\",\"status\":0,\"notify_answered\":1,\"notify_viewed\":1,\"notify_rated\":1,\"announce_email\":1,\"email_report\":1,\"last_activity_date\":\"2018-01-31 15:05:34\",\"last_update_date\":null,\"tried_first_answer_flag\":0}}','2018-01-31 07:14:08','2018-01-31 07:05:39','2018-01-31 07:14:08'),('d5861282-3dc2-4e1d-98b7-603992b2751a','App\\Notifications\\notifyStudent',45,'App\\User','{\"repliedTime\":{\"date\":\"2018-01-31 15:01:32.599434\",\"timezone_type\":3,\"timezone\":\"Asia\\/Hong_Kong\"},\"content\":{\"content\":\"Somebody answered your question!\",\"topic\":\"Answered Your Question!\",\"course_id\":\"COMP2222\"},\"type\":0,\"user\":{\"id\":45,\"name\":\"Test5\",\"nickname\":\"Test5\",\"email\":\"test5@polyu.edu.hk\",\"created_at\":\"2018-01-29 15:44:12\",\"updated_at\":\"2018-01-31 15:01:26\",\"status\":0,\"notify_answered\":1,\"notify_viewed\":1,\"notify_rated\":1,\"announce_email\":1,\"email_report\":1,\"last_activity_date\":\"2018-01-31 15:01:26\",\"last_update_date\":null,\"tried_first_answer_flag\":0}}','2018-01-31 07:01:43','2018-01-31 07:01:32','2018-01-31 07:01:43'),('d8d99d6a-5a05-4441-b75e-bd7d4dcb2dea','App\\Notifications\\notifyStudent',46,'App\\User','{\"repliedTime\":{\"date\":\"2018-01-31 15:05:39.553950\",\"timezone_type\":3,\"timezone\":\"Asia\\/Hong_Kong\"},\"content\":{\"content\":\"Somebody answered your question!\",\"topic\":\"Answered Your Question!\",\"course_id\":\"COMP2222\"},\"type\":0,\"user\":{\"id\":46,\"name\":\"Test6\",\"nickname\":\"Test6\",\"email\":\"test6@polyu.edu.hk\",\"created_at\":\"2018-01-29 15:44:37\",\"updated_at\":\"2018-01-31 15:05:37\",\"status\":0,\"notify_answered\":1,\"notify_viewed\":1,\"notify_rated\":1,\"announce_email\":1,\"email_report\":1,\"last_activity_date\":\"2018-01-31 15:05:37\",\"last_update_date\":null,\"tried_first_answer_flag\":1}}','2018-01-31 07:06:49','2018-01-31 07:05:39','2018-01-31 07:06:49'),('d982d3f9-5321-4203-a280-4550db614b99','App\\Notifications\\notifyStudent',56,'App\\User','{\"repliedTime\":{\"date\":\"2018-01-31 15:03:21.924036\",\"timezone_type\":3,\"timezone\":\"Asia\\/Hong_Kong\"},\"content\":{\"content\":\"Somebody rated your questions! Come back and see details.\",\"topic\":\"Your Peer Rated Yours!\",\"course_id\":\"COMP2222\"},\"type\":0,\"user\":{\"id\":56,\"name\":\"Test16\",\"nickname\":\"Test16\",\"email\":\"test16@polyu.edu.hk\",\"created_at\":\"2018-01-29 15:54:12\",\"updated_at\":\"2018-01-31 15:02:06\",\"status\":0,\"notify_answered\":1,\"notify_viewed\":1,\"notify_rated\":1,\"announce_email\":1,\"email_report\":1,\"last_activity_date\":\"2018-01-31 15:02:06\",\"last_update_date\":null,\"tried_first_answer_flag\":0}}','2018-01-31 07:09:09','2018-01-31 07:03:21','2018-01-31 07:09:09'),('dc06a6ee-2e62-4bdf-b517-5be7216acb6c','App\\Notifications\\notifyStudent',57,'App\\User','{\"repliedTime\":{\"date\":\"2018-01-31 15:06:35.163079\",\"timezone_type\":3,\"timezone\":\"Asia\\/Hong_Kong\"},\"content\":{\"content\":\"Somebody answered your question!\",\"topic\":\"Answered Your Question!\",\"course_id\":\"COMP2222\"},\"type\":0,\"user\":{\"id\":57,\"name\":\"Test17\",\"nickname\":\"Test17\",\"email\":\"test17@polyu.edu.hk\",\"created_at\":\"2018-01-29 15:54:34\",\"updated_at\":\"2018-01-31 15:06:30\",\"status\":0,\"notify_answered\":1,\"notify_viewed\":1,\"notify_rated\":1,\"announce_email\":1,\"email_report\":1,\"last_activity_date\":\"2018-01-31 15:06:30\",\"last_update_date\":null,\"tried_first_answer_flag\":1}}','2018-01-31 07:08:35','2018-01-31 07:06:35','2018-01-31 07:08:35'),('ddaf6c72-4a4d-4db4-9f28-24c3654f6437','App\\Notifications\\notifyStudent',49,'App\\User','{\"repliedTime\":{\"date\":\"2018-01-31 15:01:57.482091\",\"timezone_type\":3,\"timezone\":\"Asia\\/Hong_Kong\"},\"content\":{\"content\":\"Somebody rated your questions! Come back and see details.\",\"topic\":\"Your Peer Rated Yours!\",\"course_id\":\"COMP2222\"},\"type\":0,\"user\":{\"id\":49,\"name\":\"Test8\",\"nickname\":\"Test8\",\"email\":\"test8@polyu.edu.hk\",\"created_at\":\"2018-01-29 15:50:53\",\"updated_at\":\"2018-01-31 15:01:51\",\"status\":0,\"notify_answered\":1,\"notify_viewed\":1,\"notify_rated\":1,\"announce_email\":1,\"email_report\":1,\"last_activity_date\":\"2018-01-31 15:01:51\",\"last_update_date\":null,\"tried_first_answer_flag\":0}}','2018-01-31 07:07:59','2018-01-31 07:01:57','2018-01-31 07:07:59'),('ddf853b7-2025-4eb1-b209-d372cdad0074','App\\Notifications\\notifyStudent',60,'App\\User','{\"repliedTime\":{\"date\":\"2018-01-31 15:06:05.014680\",\"timezone_type\":3,\"timezone\":\"Asia\\/Hong_Kong\"},\"content\":{\"content\":\"Somebody answered your question!\",\"topic\":\"Answered Your Question!\",\"course_id\":\"COMP2222\"},\"type\":0,\"user\":{\"id\":60,\"name\":\"Test20\",\"nickname\":\"Test20\",\"email\":\"test20@polyu.edu.hk\",\"created_at\":\"2018-01-29 15:56:44\",\"updated_at\":\"2018-01-31 15:05:42\",\"status\":0,\"notify_answered\":1,\"notify_viewed\":1,\"notify_rated\":1,\"announce_email\":1,\"email_report\":1,\"last_activity_date\":\"2018-01-31 15:05:42\",\"last_update_date\":null,\"tried_first_answer_flag\":0}}','2018-01-31 07:11:40','2018-01-31 07:06:05','2018-01-31 07:11:40'),('de5106cb-3896-4267-b96b-135a5f3e6d43','App\\Notifications\\notifyStudent',43,'App\\User','{\"repliedTime\":{\"date\":\"2018-01-31 15:11:35.042541\",\"timezone_type\":3,\"timezone\":\"Asia\\/Hong_Kong\"},\"content\":{\"content\":\"Somebody answered your question!\",\"topic\":\"Answered Your Question!\",\"course_id\":\"COMP2222\"},\"type\":0,\"user\":{\"id\":43,\"name\":\"Test3\",\"nickname\":\"Test3\",\"email\":\"test3@polyu.edu.hk\",\"created_at\":\"2018-01-29 15:42:51\",\"updated_at\":\"2018-01-31 15:11:29\",\"status\":0,\"notify_answered\":1,\"notify_viewed\":1,\"notify_rated\":1,\"announce_email\":1,\"email_report\":1,\"last_activity_date\":\"2018-01-31 15:11:29\",\"last_update_date\":null,\"tried_first_answer_flag\":1}}','2018-01-31 07:11:51','2018-01-31 07:11:35','2018-01-31 07:11:51'),('e0bb4c31-892c-474a-b7bc-4fde357cd3f4','App\\Notifications\\notifyStudent',52,'App\\User','{\"repliedTime\":{\"date\":\"2018-01-31 15:10:14.156788\",\"timezone_type\":3,\"timezone\":\"Asia\\/Hong_Kong\"},\"content\":{\"content\":\"Somebody answered your question!\",\"topic\":\"Answered Your Question!\",\"course_id\":\"COMP2222\"},\"type\":0,\"user\":{\"id\":52,\"name\":\"Test12\",\"nickname\":\"Test12\",\"email\":\"test12@polyu.edu.hk\",\"created_at\":\"2018-01-29 15:52:45\",\"updated_at\":\"2018-01-31 15:09:58\",\"status\":0,\"notify_answered\":1,\"notify_viewed\":1,\"notify_rated\":1,\"announce_email\":1,\"email_report\":1,\"last_activity_date\":\"2018-01-31 15:09:58\",\"last_update_date\":null,\"tried_first_answer_flag\":1}}','2018-01-31 07:12:50','2018-01-31 07:10:14','2018-01-31 07:12:50'),('e1521217-68ae-4a86-a98b-85171620441f','App\\Notifications\\notifyStudent',50,'App\\User','{\"repliedTime\":{\"date\":\"2018-01-31 15:06:34.227596\",\"timezone_type\":3,\"timezone\":\"Asia\\/Hong_Kong\"},\"content\":{\"content\":\"Somebody answered your question!\",\"topic\":\"Answered Your Question!\",\"course_id\":\"COMP2222\"},\"type\":0,\"user\":{\"id\":50,\"name\":\"Test9\",\"nickname\":\"Test9\",\"email\":\"test9@polyu.edu.hk\",\"created_at\":\"2018-01-29 15:51:19\",\"updated_at\":\"2018-01-31 15:06:14\",\"status\":0,\"notify_answered\":1,\"notify_viewed\":1,\"notify_rated\":1,\"announce_email\":1,\"email_report\":1,\"last_activity_date\":\"2018-01-31 15:06:14\",\"last_update_date\":null,\"tried_first_answer_flag\":1}}','2018-01-31 07:14:07','2018-01-31 07:06:34','2018-01-31 07:14:07'),('e1ee9f84-9710-4e36-8d1f-8b7c286b9561','App\\Notifications\\notifyStudent',56,'App\\User','{\"repliedTime\":{\"date\":\"2018-01-31 15:08:06.872283\",\"timezone_type\":3,\"timezone\":\"Asia\\/Hong_Kong\"},\"content\":{\"content\":\"Somebody answered your question!\",\"topic\":\"Answered Your Question!\",\"course_id\":\"COMP2222\"},\"type\":0,\"user\":{\"id\":56,\"name\":\"Test16\",\"nickname\":\"Test16\",\"email\":\"test16@polyu.edu.hk\",\"created_at\":\"2018-01-29 15:54:12\",\"updated_at\":\"2018-01-31 15:07:39\",\"status\":0,\"notify_answered\":1,\"notify_viewed\":1,\"notify_rated\":1,\"announce_email\":1,\"email_report\":1,\"last_activity_date\":\"2018-01-31 15:07:39\",\"last_update_date\":null,\"tried_first_answer_flag\":1}}','2018-01-31 07:09:09','2018-01-31 07:08:06','2018-01-31 07:09:09'),('e38c1016-9724-4aca-8ffb-ef2c7e950180','App\\Notifications\\notifyStudent',45,'App\\User','{\"repliedTime\":{\"date\":\"2018-01-31 15:06:34.355620\",\"timezone_type\":3,\"timezone\":\"Asia\\/Hong_Kong\"},\"content\":{\"content\":\"Somebody answered your question!\",\"topic\":\"Answered Your Question!\",\"course_id\":\"COMP2222\"},\"type\":0,\"user\":{\"id\":45,\"name\":\"Test5\",\"nickname\":\"Test5\",\"email\":\"test5@polyu.edu.hk\",\"created_at\":\"2018-01-29 15:44:12\",\"updated_at\":\"2018-01-31 15:06:17\",\"status\":0,\"notify_answered\":1,\"notify_viewed\":1,\"notify_rated\":1,\"announce_email\":1,\"email_report\":1,\"last_activity_date\":\"2018-01-31 15:06:17\",\"last_update_date\":null,\"tried_first_answer_flag\":0}}','2018-01-31 07:09:56','2018-01-31 07:06:34','2018-01-31 07:09:56'),('e876f3d5-d1bc-4b6d-84ed-f58e795adb65','App\\Notifications\\notifyStudent',52,'App\\User','{\"repliedTime\":{\"date\":\"2018-01-31 15:05:25.418721\",\"timezone_type\":3,\"timezone\":\"Asia\\/Hong_Kong\"},\"content\":{\"content\":\"Somebody answered your question!\",\"topic\":\"Answered Your Question!\",\"course_id\":\"COMP2222\"},\"type\":0,\"user\":{\"id\":52,\"name\":\"Test12\",\"nickname\":\"Test12\",\"email\":\"test12@polyu.edu.hk\",\"created_at\":\"2018-01-29 15:52:45\",\"updated_at\":\"2018-01-31 15:05:17\",\"status\":0,\"notify_answered\":1,\"notify_viewed\":1,\"notify_rated\":1,\"announce_email\":1,\"email_report\":1,\"last_activity_date\":\"2018-01-31 15:05:17\",\"last_update_date\":null,\"tried_first_answer_flag\":0}}','2018-01-31 07:07:06','2018-01-31 07:05:25','2018-01-31 07:07:06'),('e8d52b5f-3c4b-4a5a-8cb7-8599abba17ea','App\\Notifications\\notifyStudent',46,'App\\User','{\"repliedTime\":{\"date\":\"2018-01-31 15:06:42.718213\",\"timezone_type\":3,\"timezone\":\"Asia\\/Hong_Kong\"},\"content\":{\"content\":\"Somebody answered your question!\",\"topic\":\"Answered Your Question!\",\"course_id\":\"COMP2222\"},\"type\":0,\"user\":{\"id\":46,\"name\":\"Test6\",\"nickname\":\"Test6\",\"email\":\"test6@polyu.edu.hk\",\"created_at\":\"2018-01-29 15:44:37\",\"updated_at\":\"2018-01-31 15:06:42\",\"status\":0,\"notify_answered\":1,\"notify_viewed\":1,\"notify_rated\":1,\"announce_email\":1,\"email_report\":1,\"last_activity_date\":\"2018-01-31 15:06:42\",\"last_update_date\":null,\"tried_first_answer_flag\":1}}','2018-01-31 07:06:49','2018-01-31 07:06:42','2018-01-31 07:06:49'),('e8e2f102-d022-4d0f-bb77-4ee5fcf7a6a6','App\\Notifications\\notifyStudent',43,'App\\User','{\"repliedTime\":{\"date\":\"2018-01-31 15:06:22.631583\",\"timezone_type\":3,\"timezone\":\"Asia\\/Hong_Kong\"},\"content\":{\"content\":\"Somebody rated your questions! Come back and see details.\",\"topic\":\"Your Peer Rated Yours!\",\"course_id\":\"COMP2222\"},\"type\":0,\"user\":{\"id\":43,\"name\":\"Test3\",\"nickname\":\"Test3\",\"email\":\"test3@polyu.edu.hk\",\"created_at\":\"2018-01-29 15:42:51\",\"updated_at\":\"2018-01-31 15:06:09\",\"status\":0,\"notify_answered\":1,\"notify_viewed\":1,\"notify_rated\":1,\"announce_email\":1,\"email_report\":1,\"last_activity_date\":\"2018-01-31 15:06:09\",\"last_update_date\":null,\"tried_first_answer_flag\":1}}','2018-01-31 07:08:25','2018-01-31 07:06:22','2018-01-31 07:08:25'),('e9ae68af-8f59-40dc-9bbb-48a23d591de2','App\\Notifications\\notifyStudent',46,'App\\User','{\"repliedTime\":{\"date\":\"2018-01-31 15:12:05.155258\",\"timezone_type\":3,\"timezone\":\"Asia\\/Hong_Kong\"},\"content\":{\"content\":\"Somebody answered your question!\",\"topic\":\"Answered Your Question!\",\"course_id\":\"COMP2222\"},\"type\":0,\"user\":{\"id\":46,\"name\":\"Test6\",\"nickname\":\"Test6\",\"email\":\"test6@polyu.edu.hk\",\"created_at\":\"2018-01-29 15:44:37\",\"updated_at\":\"2018-01-31 15:12:03\",\"status\":0,\"notify_answered\":1,\"notify_viewed\":1,\"notify_rated\":1,\"announce_email\":1,\"email_report\":1,\"last_activity_date\":\"2018-01-31 15:12:03\",\"last_update_date\":null,\"tried_first_answer_flag\":1}}','2018-01-31 07:13:14','2018-01-31 07:12:05','2018-01-31 07:13:14'),('ea298108-268f-45d8-90be-91ccf1f9a009','App\\Notifications\\notifyStudent',42,'App\\User','{\"repliedTime\":{\"date\":\"2018-01-31 15:06:12.144320\",\"timezone_type\":3,\"timezone\":\"Asia\\/Hong_Kong\"},\"content\":{\"content\":\"Somebody answered your question!\",\"topic\":\"Answered Your Question!\",\"course_id\":\"COMP2222\"},\"type\":0,\"user\":{\"id\":42,\"name\":\"Test2\",\"nickname\":\"Test2\",\"email\":\"test2@polyu.edu.hk\",\"created_at\":\"2018-01-29 15:42:27\",\"updated_at\":\"2018-01-31 15:05:35\",\"status\":0,\"notify_answered\":1,\"notify_viewed\":1,\"notify_rated\":1,\"announce_email\":1,\"email_report\":1,\"last_activity_date\":\"2018-01-31 15:05:35\",\"last_update_date\":null,\"tried_first_answer_flag\":0}}','2018-01-31 07:07:10','2018-01-31 07:06:12','2018-01-31 07:07:10'),('eb1d9e83-3347-4992-ab48-9682efffbbdb','App\\Notifications\\notifyStudent',46,'App\\User','{\"repliedTime\":{\"date\":\"2018-01-31 15:16:16.940649\",\"timezone_type\":3,\"timezone\":\"Asia\\/Hong_Kong\"},\"content\":{\"content\":\"Somebody answered your question!\",\"topic\":\"Answered Your Question!\",\"course_id\":\"COMP2222\"},\"type\":0,\"user\":{\"id\":46,\"name\":\"Test6\",\"nickname\":\"Test6\",\"email\":\"test6@polyu.edu.hk\",\"created_at\":\"2018-01-29 15:44:37\",\"updated_at\":\"2018-01-31 15:15:40\",\"status\":0,\"notify_answered\":1,\"notify_viewed\":1,\"notify_rated\":1,\"announce_email\":1,\"email_report\":1,\"last_activity_date\":\"2018-01-31 15:15:40\",\"last_update_date\":null,\"tried_first_answer_flag\":1}}','2018-01-31 07:16:17','2018-01-31 07:16:16','2018-01-31 07:16:17'),('ebd2cfd1-c93f-4cf6-b38e-e73f9220faf3','App\\Notifications\\notifyStudent',47,'App\\User','{\"repliedTime\":{\"date\":\"2018-01-31 15:06:58.358028\",\"timezone_type\":3,\"timezone\":\"Asia\\/Hong_Kong\"},\"content\":{\"content\":\"Somebody answered your question!\",\"topic\":\"Answered Your Question!\",\"course_id\":\"COMP2222\"},\"type\":0,\"user\":{\"id\":47,\"name\":\"Test7\",\"nickname\":\"Test7\",\"email\":\"test7@polyu.edu.hk\",\"created_at\":\"2018-01-29 15:44:57\",\"updated_at\":\"2018-01-31 15:06:29\",\"status\":0,\"notify_answered\":1,\"notify_viewed\":1,\"notify_rated\":1,\"announce_email\":1,\"email_report\":1,\"last_activity_date\":\"2018-01-31 15:06:29\",\"last_update_date\":null,\"tried_first_answer_flag\":1}}','2018-02-02 12:27:27','2018-01-31 07:06:58','2018-02-02 12:27:27'),('ee54dee3-7b28-4368-a4e6-b2728f8f171e','App\\Notifications\\notifyStudent',45,'App\\User','{\"repliedTime\":{\"date\":\"2018-01-31 15:01:53.617281\",\"timezone_type\":3,\"timezone\":\"Asia\\/Hong_Kong\"},\"content\":{\"content\":\"Somebody rated your questions! Come back and see details.\",\"topic\":\"Your Peer Rated Yours!\",\"course_id\":\"COMP2222\"},\"type\":0,\"user\":{\"id\":45,\"name\":\"Test5\",\"nickname\":\"Test5\",\"email\":\"test5@polyu.edu.hk\",\"created_at\":\"2018-01-29 15:44:12\",\"updated_at\":\"2018-01-31 15:01:43\",\"status\":0,\"notify_answered\":1,\"notify_viewed\":1,\"notify_rated\":1,\"announce_email\":1,\"email_report\":1,\"last_activity_date\":\"2018-01-31 15:01:43\",\"last_update_date\":null,\"tried_first_answer_flag\":0}}','2018-01-31 07:02:37','2018-01-31 07:01:53','2018-01-31 07:02:37'),('ef4296b6-797c-4e56-987a-22b373f86a2f','App\\Notifications\\notifyStudent',56,'App\\User','{\"repliedTime\":{\"date\":\"2018-01-31 15:14:18.395187\",\"timezone_type\":3,\"timezone\":\"Asia\\/Hong_Kong\"},\"content\":{\"content\":\"Somebody answered your question!\",\"topic\":\"Answered Your Question!\",\"course_id\":\"COMP2222\"},\"type\":0,\"user\":{\"id\":56,\"name\":\"Test16\",\"nickname\":\"Test16\",\"email\":\"test16@polyu.edu.hk\",\"created_at\":\"2018-01-29 15:54:12\",\"updated_at\":\"2018-01-31 15:14:14\",\"status\":0,\"notify_answered\":1,\"notify_viewed\":1,\"notify_rated\":1,\"announce_email\":1,\"email_report\":1,\"last_activity_date\":\"2018-01-31 15:14:14\",\"last_update_date\":null,\"tried_first_answer_flag\":1}}',NULL,'2018-01-31 07:14:18','2018-01-31 07:14:18'),('ef9212f9-9e54-417c-89d6-d8679379025a','App\\Notifications\\notifyStudent',44,'App\\User','{\"repliedTime\":{\"date\":\"2018-01-31 15:06:41.452735\",\"timezone_type\":3,\"timezone\":\"Asia\\/Hong_Kong\"},\"content\":{\"content\":\"Somebody answered your question!\",\"topic\":\"Answered Your Question!\",\"course_id\":\"COMP2222\"},\"type\":0,\"user\":{\"id\":44,\"name\":\"Test4\",\"nickname\":\"Test4\",\"email\":\"test4@polyu.edu.hk\",\"created_at\":\"2018-01-29 15:43:49\",\"updated_at\":\"2018-01-31 15:06:25\",\"status\":0,\"notify_answered\":1,\"notify_viewed\":1,\"notify_rated\":1,\"announce_email\":1,\"email_report\":1,\"last_activity_date\":\"2018-01-31 15:06:25\",\"last_update_date\":null,\"tried_first_answer_flag\":1}}','2018-01-31 07:09:35','2018-01-31 07:06:41','2018-01-31 07:09:35'),('f0727517-5735-418f-9745-3a75da57a74d','App\\Notifications\\notifyStudent',44,'App\\User','{\"repliedTime\":{\"date\":\"2018-01-31 15:06:19.515122\",\"timezone_type\":3,\"timezone\":\"Asia\\/Hong_Kong\"},\"content\":{\"content\":\"Somebody rated your questions! Come back and see details.\",\"topic\":\"Your Peer Rated Yours!\",\"course_id\":\"COMP2222\"},\"type\":0,\"user\":{\"id\":44,\"name\":\"Test4\",\"nickname\":\"Test4\",\"email\":\"test4@polyu.edu.hk\",\"created_at\":\"2018-01-29 15:43:49\",\"updated_at\":\"2018-01-31 15:06:14\",\"status\":0,\"notify_answered\":1,\"notify_viewed\":1,\"notify_rated\":1,\"announce_email\":1,\"email_report\":1,\"last_activity_date\":\"2018-01-31 15:06:14\",\"last_update_date\":null,\"tried_first_answer_flag\":1}}','2018-01-31 07:09:35','2018-01-31 07:06:19','2018-01-31 07:09:35'),('f408e1f2-5d5c-4aa6-a1b0-d9b30496cea0','App\\Notifications\\notifyStudent',45,'App\\User','{\"repliedTime\":{\"date\":\"2018-01-31 15:02:43.652141\",\"timezone_type\":3,\"timezone\":\"Asia\\/Hong_Kong\"},\"content\":{\"content\":\"Somebody answered your question!\",\"topic\":\"Answered Your Question!\",\"course_id\":\"COMP2222\"},\"type\":0,\"user\":{\"id\":45,\"name\":\"Test5\",\"nickname\":\"Test5\",\"email\":\"test5@polyu.edu.hk\",\"created_at\":\"2018-01-29 15:44:12\",\"updated_at\":\"2018-01-31 15:02:38\",\"status\":0,\"notify_answered\":1,\"notify_viewed\":1,\"notify_rated\":1,\"announce_email\":1,\"email_report\":1,\"last_activity_date\":\"2018-01-31 15:02:38\",\"last_update_date\":null,\"tried_first_answer_flag\":0}}','2018-01-31 07:02:46','2018-01-31 07:02:43','2018-01-31 07:02:46'),('f58f2ff4-e8c6-4d87-aaf0-9a53741df8de','App\\Notifications\\notifyStudent',57,'App\\User','{\"repliedTime\":{\"date\":\"2018-01-31 15:00:56.252256\",\"timezone_type\":3,\"timezone\":\"Asia\\/Hong_Kong\"},\"content\":{\"content\":\"Somebody rated your questions! Come back and see details.\",\"topic\":\"Your Peer Rated Yours!\",\"course_id\":\"COMP2222\"},\"type\":0,\"user\":{\"id\":57,\"name\":\"Test17\",\"nickname\":\"Test17\",\"email\":\"test17@polyu.edu.hk\",\"created_at\":\"2018-01-29 15:54:34\",\"updated_at\":\"2018-01-31 14:59:14\",\"status\":0,\"notify_answered\":1,\"notify_viewed\":1,\"notify_rated\":1,\"announce_email\":1,\"email_report\":1,\"last_activity_date\":\"2018-01-31 14:59:14\",\"last_update_date\":null,\"tried_first_answer_flag\":0}}','2018-01-31 07:02:16','2018-01-31 07:00:56','2018-01-31 07:02:16'),('f6e28646-d200-4003-9032-84bdf74fd244','App\\Notifications\\notifyStudent',43,'App\\User','{\"repliedTime\":{\"date\":\"2018-01-31 15:07:08.027974\",\"timezone_type\":3,\"timezone\":\"Asia\\/Hong_Kong\"},\"content\":{\"content\":\"Somebody rated your questions! Come back and see details.\",\"topic\":\"Your Peer Rated Yours!\",\"course_id\":\"COMP2222\"},\"type\":0,\"user\":{\"id\":43,\"name\":\"Test3\",\"nickname\":\"Test3\",\"email\":\"test3@polyu.edu.hk\",\"created_at\":\"2018-01-29 15:42:51\",\"updated_at\":\"2018-01-31 15:06:54\",\"status\":0,\"notify_answered\":1,\"notify_viewed\":1,\"notify_rated\":1,\"announce_email\":1,\"email_report\":1,\"last_activity_date\":\"2018-01-31 15:06:54\",\"last_update_date\":null,\"tried_first_answer_flag\":1}}','2018-01-31 07:08:25','2018-01-31 07:07:08','2018-01-31 07:08:25'),('f8f629da-2135-4b42-8366-5667dce4493c','App\\Notifications\\notifyStudent',49,'App\\User','{\"repliedTime\":{\"date\":\"2018-01-31 15:01:54.182893\",\"timezone_type\":3,\"timezone\":\"Asia\\/Hong_Kong\"},\"content\":{\"content\":\"Somebody answered your question!\",\"topic\":\"Answered Your Question!\",\"course_id\":\"COMP2222\"},\"type\":0,\"user\":{\"id\":49,\"name\":\"Test8\",\"nickname\":\"Test8\",\"email\":\"test8@polyu.edu.hk\",\"created_at\":\"2018-01-29 15:50:53\",\"updated_at\":\"2018-01-31 15:01:51\",\"status\":0,\"notify_answered\":1,\"notify_viewed\":1,\"notify_rated\":1,\"announce_email\":1,\"email_report\":1,\"last_activity_date\":\"2018-01-31 15:01:51\",\"last_update_date\":null,\"tried_first_answer_flag\":0}}','2018-01-31 07:07:59','2018-01-31 07:01:54','2018-01-31 07:07:59'),('f9827bed-ed30-405c-aefe-9a4b40ec4fe5','App\\Notifications\\notifyStudent',57,'App\\User','{\"repliedTime\":{\"date\":\"2018-01-31 15:08:07.115122\",\"timezone_type\":3,\"timezone\":\"Asia\\/Hong_Kong\"},\"content\":{\"content\":\"Somebody answered your question!\",\"topic\":\"Answered Your Question!\",\"course_id\":\"COMP2222\"},\"type\":0,\"user\":{\"id\":57,\"name\":\"Test17\",\"nickname\":\"Test17\",\"email\":\"test17@polyu.edu.hk\",\"created_at\":\"2018-01-29 15:54:34\",\"updated_at\":\"2018-01-31 15:06:38\",\"status\":0,\"notify_answered\":1,\"notify_viewed\":1,\"notify_rated\":1,\"announce_email\":1,\"email_report\":1,\"last_activity_date\":\"2018-01-31 15:06:38\",\"last_update_date\":null,\"tried_first_answer_flag\":1}}','2018-01-31 07:08:35','2018-01-31 07:08:07','2018-01-31 07:08:35'),('fa0987c8-bb7b-4b7a-a816-deb4bc78a986','App\\Notifications\\notifyStudent',43,'App\\User','{\"repliedTime\":{\"date\":\"2018-01-31 15:06:21.714156\",\"timezone_type\":3,\"timezone\":\"Asia\\/Hong_Kong\"},\"content\":{\"content\":\"Somebody rated your questions! Come back and see details.\",\"topic\":\"Your Peer Rated Yours!\",\"course_id\":\"COMP2222\"},\"type\":0,\"user\":{\"id\":43,\"name\":\"Test3\",\"nickname\":\"Test3\",\"email\":\"test3@polyu.edu.hk\",\"created_at\":\"2018-01-29 15:42:51\",\"updated_at\":\"2018-01-31 15:06:09\",\"status\":0,\"notify_answered\":1,\"notify_viewed\":1,\"notify_rated\":1,\"announce_email\":1,\"email_report\":1,\"last_activity_date\":\"2018-01-31 15:06:09\",\"last_update_date\":null,\"tried_first_answer_flag\":1}}','2018-01-31 07:08:25','2018-01-31 07:06:21','2018-01-31 07:08:25'),('fc3a4b66-b18c-4529-a685-852a715148e4','App\\Notifications\\notifyStudent',51,'App\\User','{\"repliedTime\":{\"date\":\"2018-01-31 15:07:11.537114\",\"timezone_type\":3,\"timezone\":\"Asia\\/Hong_Kong\"},\"content\":{\"content\":\"Somebody rated your questions! Come back and see details.\",\"topic\":\"Your Peer Rated Yours!\",\"course_id\":\"COMP2222\"},\"type\":0,\"user\":{\"id\":51,\"name\":\"Test11\",\"nickname\":\"Test11\",\"email\":\"test11@polyu.edu.hk\",\"created_at\":\"2018-01-29 15:51:55\",\"updated_at\":\"2018-01-31 15:07:01\",\"status\":0,\"notify_answered\":1,\"notify_viewed\":1,\"notify_rated\":1,\"announce_email\":1,\"email_report\":1,\"last_activity_date\":\"2018-01-31 15:07:01\",\"last_update_date\":null,\"tried_first_answer_flag\":0}}','2018-01-31 07:09:33','2018-01-31 07:07:11','2018-01-31 07:09:33'),('fec451d0-a0f1-49bf-8313-c72baafeecc8','App\\Notifications\\notifyStudent',50,'App\\User','{\"repliedTime\":{\"date\":\"2018-01-31 15:12:49.804854\",\"timezone_type\":3,\"timezone\":\"Asia\\/Hong_Kong\"},\"content\":{\"content\":\"Somebody answered your question!\",\"topic\":\"Answered Your Question!\",\"course_id\":\"COMP2222\"},\"type\":0,\"user\":{\"id\":50,\"name\":\"Test9\",\"nickname\":\"Test9\",\"email\":\"test9@polyu.edu.hk\",\"created_at\":\"2018-01-29 15:51:19\",\"updated_at\":\"2018-01-31 15:12:43\",\"status\":0,\"notify_answered\":1,\"notify_viewed\":1,\"notify_rated\":1,\"announce_email\":1,\"email_report\":1,\"last_activity_date\":\"2018-01-31 15:12:43\",\"last_update_date\":null,\"tried_first_answer_flag\":1}}','2018-01-31 07:14:07','2018-01-31 07:12:49','2018-01-31 07:14:07');
/*!40000 ALTER TABLE `notifications` ENABLE KEYS */;
UNLOCK TABLES;

--
-- Table structure for table `page_views`
--

DROP TABLE IF EXISTS `page_views`;
/*!40101 SET @saved_cs_client     = @@character_set_client */;
/*!40101 SET character_set_client = utf8 */;
CREATE TABLE `page_views` (
  `id` int(10) unsigned NOT NULL AUTO_INCREMENT,
  `question_id` int(10) unsigned NOT NULL,
  `user_id` int(11) NOT NULL,
  `created_at` timestamp NULL DEFAULT NULL,
  `updated_at` timestamp NULL DEFAULT NULL,
  PRIMARY KEY (`id`),
  KEY `page_views_questions_id_fk` (`question_id`),
  KEY `page_views_users_id_fk` (`user_id`),
  CONSTRAINT `page_views_questions_id_fk` FOREIGN KEY (`question_id`) REFERENCES `questions` (`id`) ON DELETE CASCADE ON UPDATE CASCADE,
  CONSTRAINT `page_views_users_id_fk` FOREIGN KEY (`user_id`) REFERENCES `users` (`id`) ON DELETE CASCADE ON UPDATE CASCADE
) ENGINE=InnoDB AUTO_INCREMENT=1421 DEFAULT CHARSET=utf8mb4 COLLATE=utf8mb4_unicode_ci;
/*!40101 SET character_set_client = @saved_cs_client */;

--
-- Dumping data for table `page_views`
--

LOCK TABLES `page_views` WRITE;
/*!40000 ALTER TABLE `page_views` DISABLE KEYS */;
INSERT INTO `page_views` VALUES (1200,286,46,'2018-01-31 06:59:00','2018-01-31 06:59:00'),(1201,286,46,'2018-01-31 06:59:05','2018-01-31 06:59:05'),(1202,286,46,'2018-01-31 06:59:14','2018-01-31 06:59:14'),(1203,286,46,'2018-01-31 06:59:26','2018-01-31 06:59:26'),(1204,423,1,'2018-01-31 06:59:30','2018-01-31 06:59:30'),(1205,176,46,'2018-01-31 07:00:33','2018-01-31 07:00:33'),(1206,176,46,'2018-01-31 07:00:42','2018-01-31 07:00:42'),(1207,176,46,'2018-01-31 07:00:48','2018-01-31 07:00:48'),(1208,928,46,'2018-01-31 07:01:28','2018-01-31 07:01:28'),(1209,928,46,'2018-01-31 07:01:33','2018-01-31 07:01:33'),(1210,158,46,'2018-01-31 07:01:39','2018-01-31 07:01:39'),(1211,928,43,'2018-01-31 07:01:41','2018-01-31 07:01:41'),(1212,708,46,'2018-01-31 07:01:50','2018-01-31 07:01:50'),(1213,286,46,'2018-01-31 07:01:50','2018-01-31 07:01:50'),(1214,928,43,'2018-01-31 07:01:50','2018-01-31 07:01:50'),(1215,928,43,'2018-01-31 07:01:54','2018-01-31 07:01:54'),(1216,708,46,'2018-01-31 07:01:54','2018-01-31 07:01:54'),(1217,708,46,'2018-01-31 07:02:17','2018-01-31 07:02:17'),(1218,640,46,'2018-01-31 07:02:29','2018-01-31 07:02:29'),(1219,680,46,'2018-01-31 07:02:48','2018-01-31 07:02:48'),(1220,640,43,'2018-01-31 07:03:06','2018-01-31 07:03:06'),(1221,640,43,'2018-01-31 07:03:14','2018-01-31 07:03:14'),(1222,680,46,'2018-01-31 07:03:21','2018-01-31 07:03:21'),(1223,680,46,'2018-01-31 07:03:31','2018-01-31 07:03:31'),(1224,640,49,'2018-01-31 07:03:47','2018-01-31 07:03:47'),(1225,928,43,'2018-01-31 07:04:13','2018-01-31 07:04:13'),(1226,640,49,'2018-01-31 07:04:14','2018-01-31 07:04:14'),(1227,680,46,'2018-01-31 07:04:21','2018-01-31 07:04:21'),(1228,640,49,'2018-01-31 07:04:23','2018-01-31 07:04:23'),(1229,640,43,'2018-01-31 07:04:29','2018-01-31 07:04:29'),(1230,772,43,'2018-01-31 07:04:39','2018-01-31 07:04:39'),(1231,809,46,'2018-01-31 07:04:40','2018-01-31 07:04:40'),(1232,693,43,'2018-01-31 07:04:51','2018-01-31 07:04:51'),(1233,176,43,'2018-01-31 07:05:05','2018-01-31 07:05:05'),(1234,988,61,'2018-01-31 07:05:05','2018-01-31 07:05:05'),(1235,751,46,'2018-01-31 07:05:08','2018-01-31 07:05:08'),(1236,772,46,'2018-01-31 07:05:14','2018-01-31 07:05:14'),(1237,772,59,'2018-01-31 07:05:14','2018-01-31 07:05:14'),(1238,988,41,'2018-01-31 07:05:16','2018-01-31 07:05:16'),(1239,988,61,'2018-01-31 07:05:18','2018-01-31 07:05:18'),(1240,680,49,'2018-01-31 07:05:18','2018-01-31 07:05:18'),(1241,828,44,'2018-01-31 07:05:23','2018-01-31 07:05:23'),(1242,988,61,'2018-01-31 07:05:25','2018-01-31 07:05:25'),(1243,772,43,'2018-01-31 07:05:29','2018-01-31 07:05:29'),(1244,772,58,'2018-01-31 07:05:29','2018-01-31 07:05:29'),(1245,988,41,'2018-01-31 07:05:31','2018-01-31 07:05:31'),(1246,630,57,'2018-01-31 07:05:31','2018-01-31 07:05:31'),(1247,988,52,'2018-01-31 07:05:32','2018-01-31 07:05:32'),(1248,772,46,'2018-01-31 07:05:32','2018-01-31 07:05:32'),(1249,95,61,'2018-01-31 07:05:33','2018-01-31 07:05:33'),(1250,988,50,'2018-01-31 07:05:34','2018-01-31 07:05:34'),(1251,772,59,'2018-01-31 07:05:34','2018-01-31 07:05:34'),(1252,751,44,'2018-01-31 07:05:35','2018-01-31 07:05:35'),(1253,751,46,'2018-01-31 07:05:35','2018-01-31 07:05:35'),(1254,772,43,'2018-01-31 07:05:36','2018-01-31 07:05:36'),(1255,988,41,'2018-01-31 07:05:37','2018-01-31 07:05:37'),(1256,693,56,'2018-01-31 07:05:39','2018-01-31 07:05:39'),(1257,772,59,'2018-01-31 07:05:41','2018-01-31 07:05:41'),(1258,680,49,'2018-01-31 07:05:42','2018-01-31 07:05:42'),(1259,630,57,'2018-01-31 07:05:42','2018-01-31 07:05:42'),(1260,988,52,'2018-01-31 07:05:42','2018-01-31 07:05:42'),(1261,399,46,'2018-01-31 07:05:43','2018-01-31 07:05:43'),(1262,640,49,'2018-01-31 07:05:44','2018-01-31 07:05:44'),(1263,988,50,'2018-01-31 07:05:44','2018-01-31 07:05:44'),(1264,751,46,'2018-01-31 07:05:46','2018-01-31 07:05:46'),(1265,772,46,'2018-01-31 07:05:46','2018-01-31 07:05:46'),(1266,772,43,'2018-01-31 07:05:46','2018-01-31 07:05:46'),(1267,693,61,'2018-01-31 07:05:47','2018-01-31 07:05:47'),(1268,693,58,'2018-01-31 07:05:48','2018-01-31 07:05:48'),(1269,988,52,'2018-01-31 07:05:49','2018-01-31 07:05:49'),(1270,630,57,'2018-01-31 07:05:50','2018-01-31 07:05:50'),(1271,751,44,'2018-01-31 07:05:50','2018-01-31 07:05:50'),(1272,751,56,'2018-01-31 07:05:52','2018-01-31 07:05:52'),(1273,680,49,'2018-01-31 07:05:53','2018-01-31 07:05:53'),(1274,4,46,'2018-01-31 07:05:53','2018-01-31 07:05:53'),(1275,1,50,'2018-01-31 07:05:53','2018-01-31 07:05:53'),(1276,693,61,'2018-01-31 07:05:53','2018-01-31 07:05:53'),(1277,693,46,'2018-01-31 07:05:53','2018-01-31 07:05:53'),(1278,751,46,'2018-01-31 07:05:53','2018-01-31 07:05:53'),(1279,26,47,'2018-01-31 07:05:54','2018-01-31 07:05:54'),(1280,988,59,'2018-01-31 07:05:56','2018-01-31 07:05:56'),(1281,693,58,'2018-01-31 07:06:00','2018-01-31 07:06:00'),(1282,1,52,'2018-01-31 07:06:01','2018-01-31 07:06:01'),(1283,479,44,'2018-01-31 07:06:01','2018-01-31 07:06:01'),(1284,1,50,'2018-01-31 07:06:02','2018-01-31 07:06:02'),(1285,772,46,'2018-01-31 07:06:03','2018-01-31 07:06:03'),(1286,751,46,'2018-01-31 07:06:03','2018-01-31 07:06:03'),(1287,4,46,'2018-01-31 07:06:04','2018-01-31 07:06:04'),(1288,988,59,'2018-01-31 07:06:05','2018-01-31 07:06:05'),(1289,751,56,'2018-01-31 07:06:06','2018-01-31 07:06:06'),(1290,693,46,'2018-01-31 07:06:06','2018-01-31 07:06:06'),(1291,26,41,'2018-01-31 07:06:09','2018-01-31 07:06:09'),(1292,751,44,'2018-01-31 07:06:13','2018-01-31 07:06:13'),(1293,1,52,'2018-01-31 07:06:13','2018-01-31 07:06:13'),(1294,1,50,'2018-01-31 07:06:14','2018-01-31 07:06:14'),(1295,26,47,'2018-01-31 07:06:14','2018-01-31 07:06:14'),(1296,228,46,'2018-01-31 07:06:15','2018-01-31 07:06:15'),(1297,693,42,'2018-01-31 07:06:15','2018-01-31 07:06:15'),(1298,1,57,'2018-01-31 07:06:20','2018-01-31 07:06:20'),(1299,26,41,'2018-01-31 07:06:20','2018-01-31 07:06:20'),(1300,751,56,'2018-01-31 07:06:20','2018-01-31 07:06:20'),(1301,26,47,'2018-01-31 07:06:21','2018-01-31 07:06:21'),(1302,751,44,'2018-01-31 07:06:23','2018-01-31 07:06:23'),(1303,176,43,'2018-01-31 07:06:25','2018-01-31 07:06:25'),(1304,751,44,'2018-01-31 07:06:25','2018-01-31 07:06:25'),(1305,680,46,'2018-01-31 07:06:25','2018-01-31 07:06:25'),(1306,479,44,'2018-01-31 07:06:25','2018-01-31 07:06:25'),(1307,1,52,'2018-01-31 07:06:26','2018-01-31 07:06:26'),(1308,1,57,'2018-01-31 07:06:30','2018-01-31 07:06:30'),(1309,95,58,'2018-01-31 07:06:34','2018-01-31 07:06:34'),(1310,176,43,'2018-01-31 07:06:36','2018-01-31 07:06:36'),(1311,630,41,'2018-01-31 07:06:36','2018-01-31 07:06:36'),(1312,988,46,'2018-01-31 07:06:38','2018-01-31 07:06:38'),(1313,751,55,'2018-01-31 07:06:38','2018-01-31 07:06:38'),(1314,1,57,'2018-01-31 07:06:38','2018-01-31 07:06:38'),(1315,693,42,'2018-01-31 07:06:39','2018-01-31 07:06:39'),(1316,95,58,'2018-01-31 07:06:40','2018-01-31 07:06:40'),(1317,988,48,'2018-01-31 07:06:41','2018-01-31 07:06:41'),(1318,988,46,'2018-01-31 07:06:41','2018-01-31 07:06:41'),(1319,26,45,'2018-01-31 07:06:42','2018-01-31 07:06:42'),(1320,630,41,'2018-01-31 07:06:43','2018-01-31 07:06:43'),(1321,176,43,'2018-01-31 07:06:48','2018-01-31 07:06:48'),(1322,95,50,'2018-01-31 07:06:52','2018-01-31 07:06:52'),(1323,988,48,'2018-01-31 07:06:53','2018-01-31 07:06:53'),(1324,751,55,'2018-01-31 07:06:57','2018-01-31 07:06:57'),(1325,95,50,'2018-01-31 07:06:59','2018-01-31 07:06:59'),(1326,523,46,'2018-01-31 07:06:59','2018-01-31 07:06:59'),(1327,286,49,'2018-01-31 07:06:59','2018-01-31 07:06:59'),(1328,751,55,'2018-01-31 07:07:00','2018-01-31 07:07:00'),(1329,928,47,'2018-01-31 07:07:01','2018-01-31 07:07:01'),(1330,988,48,'2018-01-31 07:07:05','2018-01-31 07:07:05'),(1331,523,46,'2018-01-31 07:07:07','2018-01-31 07:07:07'),(1332,26,45,'2018-01-31 07:07:07','2018-01-31 07:07:07'),(1333,751,55,'2018-01-31 07:07:08','2018-01-31 07:07:08'),(1334,286,49,'2018-01-31 07:07:12','2018-01-31 07:07:12'),(1335,828,44,'2018-01-31 07:07:14','2018-01-31 07:07:14'),(1336,928,47,'2018-01-31 07:07:23','2018-01-31 07:07:23'),(1337,286,49,'2018-01-31 07:07:23','2018-01-31 07:07:23'),(1338,928,56,'2018-01-31 07:07:29','2018-01-31 07:07:29'),(1339,4,44,'2018-01-31 07:07:33','2018-01-31 07:07:33'),(1340,988,46,'2018-01-31 07:07:38','2018-01-31 07:07:38'),(1341,4,44,'2018-01-31 07:07:39','2018-01-31 07:07:39'),(1342,4,61,'2018-01-31 07:07:39','2018-01-31 07:07:39'),(1343,928,56,'2018-01-31 07:07:39','2018-01-31 07:07:39'),(1344,1,51,'2018-01-31 07:07:41','2018-01-31 07:07:41'),(1345,772,48,'2018-01-31 07:07:45','2018-01-31 07:07:45'),(1346,630,42,'2018-01-31 07:07:45','2018-01-31 07:07:45'),(1347,26,45,'2018-01-31 07:07:46','2018-01-31 07:07:46'),(1348,1,51,'2018-01-31 07:07:49','2018-01-31 07:07:49'),(1349,26,45,'2018-01-31 07:07:52','2018-01-31 07:07:52'),(1350,772,48,'2018-01-31 07:07:52','2018-01-31 07:07:52'),(1351,630,42,'2018-01-31 07:07:53','2018-01-31 07:07:53'),(1352,772,48,'2018-01-31 07:07:54','2018-01-31 07:07:54'),(1353,640,55,'2018-01-31 07:08:06','2018-01-31 07:08:06'),(1354,772,48,'2018-01-31 07:08:07','2018-01-31 07:08:07'),(1355,849,44,'2018-01-31 07:08:13','2018-01-31 07:08:13'),(1356,640,55,'2018-01-31 07:08:23','2018-01-31 07:08:23'),(1357,640,55,'2018-01-31 07:08:34','2018-01-31 07:08:34'),(1358,640,55,'2018-01-31 07:08:40','2018-01-31 07:08:40'),(1359,286,49,'2018-01-31 07:08:40','2018-01-31 07:08:40'),(1360,849,44,'2018-01-31 07:09:05','2018-01-31 07:09:05'),(1361,702,1,'2018-01-31 07:09:08','2018-01-31 07:09:08'),(1362,849,55,'2018-01-31 07:10:05','2018-01-31 07:10:05'),(1363,849,55,'2018-01-31 07:10:13','2018-01-31 07:10:13'),(1364,702,61,'2018-01-31 07:10:13','2018-01-31 07:10:13'),(1365,849,55,'2018-01-31 07:10:15','2018-01-31 07:10:15'),(1366,298,53,'2018-01-31 07:10:19','2018-01-31 07:10:19'),(1367,751,52,'2018-01-31 07:10:24','2018-01-31 07:10:24'),(1368,298,53,'2018-01-31 07:10:25','2018-01-31 07:10:25'),(1369,286,49,'2018-01-31 07:10:27','2018-01-31 07:10:27'),(1370,751,52,'2018-01-31 07:10:35','2018-01-31 07:10:35'),(1371,702,61,'2018-01-31 07:10:59','2018-01-31 07:10:59'),(1372,640,55,'2018-01-31 07:11:02','2018-01-31 07:11:02'),(1373,702,61,'2018-01-31 07:11:15','2018-01-31 07:11:15'),(1374,702,61,'2018-01-31 07:11:28','2018-01-31 07:11:28'),(1375,702,61,'2018-01-31 07:11:36','2018-01-31 07:11:36'),(1376,26,50,'2018-01-31 07:11:45','2018-01-31 07:11:45'),(1377,227,52,'2018-01-31 07:11:59','2018-01-31 07:11:59'),(1378,26,50,'2018-01-31 07:12:00','2018-01-31 07:12:00'),(1379,227,52,'2018-01-31 07:12:06','2018-01-31 07:12:06'),(1380,26,50,'2018-01-31 07:12:12','2018-01-31 07:12:12'),(1381,227,52,'2018-01-31 07:12:13','2018-01-31 07:12:13'),(1382,227,50,'2018-01-31 07:12:33','2018-01-31 07:12:33'),(1383,227,50,'2018-01-31 07:12:39','2018-01-31 07:12:39'),(1384,227,50,'2018-01-31 07:12:43','2018-01-31 07:12:43'),(1385,4,42,'2018-01-31 07:12:43','2018-01-31 07:12:43'),(1386,4,42,'2018-01-31 07:12:50','2018-01-31 07:12:50'),(1387,298,1,'2018-01-31 07:12:51','2018-01-31 07:12:51'),(1388,751,52,'2018-01-31 07:13:45','2018-01-31 07:13:45'),(1389,681,50,'2018-01-31 07:13:47','2018-01-31 07:13:47'),(1390,681,50,'2018-01-31 07:13:56','2018-01-31 07:13:56'),(1391,895,52,'2018-01-31 07:14:14','2018-01-31 07:14:14'),(1392,640,45,'2018-01-31 07:14:15','2018-01-31 07:14:15'),(1393,640,45,'2018-01-31 07:14:18','2018-01-31 07:14:18'),(1394,895,52,'2018-01-31 07:14:25','2018-01-31 07:14:25'),(1395,744,50,'2018-01-31 07:14:25','2018-01-31 07:14:25'),(1396,895,52,'2018-01-31 07:14:28','2018-01-31 07:14:28'),(1397,786,45,'2018-01-31 07:14:37','2018-01-31 07:14:37'),(1398,895,52,'2018-01-31 07:14:37','2018-01-31 07:14:37'),(1399,786,45,'2018-01-31 07:14:40','2018-01-31 07:14:40'),(1400,693,44,'2018-01-31 07:14:43','2018-01-31 07:14:43'),(1401,786,45,'2018-01-31 07:14:45','2018-01-31 07:14:45'),(1402,693,44,'2018-01-31 07:14:51','2018-01-31 07:14:51'),(1403,335,50,'2018-01-31 07:14:52','2018-01-31 07:14:52'),(1404,335,50,'2018-01-31 07:15:08','2018-01-31 07:15:08'),(1405,335,50,'2018-01-31 07:15:17','2018-01-31 07:15:17'),(1406,822,50,'2018-01-31 07:16:10','2018-01-31 07:16:10'),(1407,822,50,'2018-01-31 07:16:17','2018-01-31 07:16:17'),(1408,822,50,'2018-01-31 07:16:23','2018-01-31 07:16:23'),(1409,69,1,'2018-01-31 07:27:34','2018-01-31 07:27:34'),(1410,91,1,'2018-01-31 07:27:46','2018-01-31 07:27:46'),(1411,1,1,'2018-01-31 13:05:25','2018-01-31 13:05:25'),(1412,91,1,'2018-01-31 13:05:45','2018-01-31 13:05:45'),(1413,91,1,'2018-01-31 13:06:05','2018-01-31 13:06:05'),(1414,91,1,'2018-01-31 13:06:33','2018-01-31 13:06:33'),(1415,91,1,'2018-01-31 13:06:36','2018-01-31 13:06:36'),(1416,91,1,'2018-01-31 13:06:46','2018-01-31 13:06:46'),(1417,91,1,'2018-01-31 13:07:27','2018-01-31 13:07:27'),(1418,895,1,'2018-01-31 13:07:36','2018-01-31 13:07:36'),(1419,928,1,'2018-01-31 13:07:41','2018-01-31 13:07:41'),(1420,26,1,'2018-01-31 13:33:17','2018-01-31 13:33:17');
/*!40000 ALTER TABLE `page_views` ENABLE KEYS */;
UNLOCK TABLES;

--
-- Table structure for table `password_resets`
--

DROP TABLE IF EXISTS `password_resets`;
/*!40101 SET @saved_cs_client     = @@character_set_client */;
/*!40101 SET character_set_client = utf8 */;
CREATE TABLE `password_resets` (
  `email` varchar(100) COLLATE utf8mb4_unicode_ci NOT NULL,
  `token` varchar(255) COLLATE utf8mb4_unicode_ci NOT NULL,
  `created_at` timestamp NULL DEFAULT NULL,
  KEY `password_resets_email_index` (`email`)
) ENGINE=InnoDB DEFAULT CHARSET=utf8mb4 COLLATE=utf8mb4_unicode_ci;
/*!40101 SET character_set_client = @saved_cs_client */;

--
-- Dumping data for table `password_resets`
--

LOCK TABLES `password_resets` WRITE;
/*!40000 ALTER TABLE `password_resets` DISABLE KEYS */;
INSERT INTO `password_resets` VALUES ('14116974d@connect.polyu.hk','$2y$10$EdNJ9uTlwGyuiDG6kjE/WuJXofEapk181vQtQzyaGklj.jkyppiLS','2018-01-22 04:59:18'),('ramandeep.kaur@student.uts.edu.au','$2y$10$fMyP5Umv13axTGHb4cS4ju461TtaPXNFXwfjvmu0gtPJbnVE7ilPa','2018-01-25 11:08:32');
/*!40000 ALTER TABLE `password_resets` ENABLE KEYS */;
UNLOCK TABLES;

--
-- Table structure for table `question_choices`
--

DROP TABLE IF EXISTS `question_choices`;
/*!40101 SET @saved_cs_client     = @@character_set_client */;
/*!40101 SET character_set_client = utf8 */;
CREATE TABLE `question_choices` (
  `id` int(10) NOT NULL AUTO_INCREMENT,
  `question_id` int(10) unsigned NOT NULL,
  `choice` text,
  `answer` int(11) DEFAULT '0',
  `created_at` timestamp NULL DEFAULT NULL,
  `updated_at` timestamp NULL DEFAULT NULL,
  `type` int(11) DEFAULT '0',
  `num_attempts` int(11) DEFAULT '0',
  PRIMARY KEY (`id`),
  KEY `question_choices_question_id_index` (`question_id`),
  CONSTRAINT `question_choices_questions_id_fk` FOREIGN KEY (`question_id`) REFERENCES `questions` (`id`) ON DELETE CASCADE ON UPDATE CASCADE
) ENGINE=InnoDB AUTO_INCREMENT=523 DEFAULT CHARSET=latin1;
/*!40101 SET character_set_client = @saved_cs_client */;

--
-- Dumping data for table `question_choices`
--

LOCK TABLES `question_choices` WRITE;
/*!40000 ALTER TABLE `question_choices` DISABLE KEYS */;
INSERT INTO `question_choices` VALUES (291,453,'PQ',1,'2018-01-31 06:55:35','2018-01-31 06:55:35',0,0),(292,453,'FK',0,'2018-01-31 06:55:36','2018-01-31 06:55:36',0,0),(293,453,'AB',0,'2018-01-31 06:55:36','2018-01-31 06:55:36',0,0),(294,352,'',1,'2018-01-31 06:55:39','2018-01-31 06:55:39',1,0),(295,216,'comp2432',1,'2018-01-31 06:55:56','2018-01-31 06:55:56',0,0),(296,216,'comp2222',0,'2018-01-31 06:55:56','2018-01-31 06:55:56',0,0),(297,216,'comp3133',0,'2018-01-31 06:55:56','2018-01-31 06:55:56',0,0),(298,673,'HK',1,'2018-01-31 06:56:14','2018-01-31 06:56:14',0,0),(299,673,'US',0,'2018-01-31 06:56:14','2018-01-31 06:56:14',0,0),(300,673,'UK',0,'2018-01-31 06:56:14','2018-01-31 06:56:14',0,0),(301,569,'100',1,'2018-01-31 06:56:20','2018-01-31 06:56:20',0,0),(302,569,'200',0,'2018-01-31 06:56:20','2018-01-31 06:56:20',0,0),(303,569,'300',0,'2018-01-31 06:56:20','2018-01-31 06:56:20',0,0),(304,569,'400',0,'2018-01-31 06:56:20','2018-01-31 06:56:20',0,0),(305,789,'Time',0,'2018-01-31 06:57:12','2018-01-31 06:57:12',0,0),(306,789,'Brain',0,'2018-01-31 06:57:12','2018-01-31 06:57:12',0,0),(307,789,'Speed',1,'2018-01-31 06:57:12','2018-01-31 06:57:12',0,0),(308,897,'',1,'2018-01-31 06:57:14','2018-01-31 06:57:14',1,0),(309,14,'PHP',1,'2018-01-31 06:57:26','2018-01-31 06:57:26',0,0),(310,14,'C/C++',0,'2018-01-31 06:57:26','2018-01-31 06:57:26',0,0),(311,14,'JAVA',0,'2018-01-31 06:57:26','2018-01-31 06:57:26',0,0),(312,713,'20:00',1,'2018-01-31 06:57:31','2018-01-31 06:57:31',0,0),(313,713,'17:00',1,'2018-01-31 06:57:31','2018-01-31 06:57:31',0,0),(314,713,'18:00',1,'2018-01-31 06:57:31','2018-01-31 06:57:31',0,0),(315,94,'1+1=3',0,'2018-01-31 06:57:35','2018-01-31 06:57:35',0,0),(316,94,'2+2=4',1,'2018-01-31 06:57:35','2018-01-31 06:57:35',0,0),(317,94,'3+3=5',0,'2018-01-31 06:57:35','2018-01-31 06:57:35',0,0),(318,622,'memory',1,'2018-01-31 06:57:58','2018-01-31 06:57:58',0,0),(319,622,'alan',1,'2018-01-31 06:57:58','2018-01-31 06:57:58',0,0),(320,622,'all',1,'2018-01-31 06:57:58','2018-01-31 06:57:58',0,0),(321,822,'24',1,'2018-01-31 06:58:11','2018-01-31 06:58:11',0,0),(322,822,'12',0,'2018-01-31 06:58:11','2018-01-31 06:58:11',0,1),(323,822,'6',0,'2018-01-31 06:58:11','2018-01-31 06:58:11',0,1),(324,279,'QR403',0,'2018-01-31 06:58:14','2018-01-31 06:58:14',0,0),(325,279,'P510',1,'2018-01-31 06:58:15','2018-01-31 06:58:15',0,0),(326,279,'S121',0,'2018-01-31 06:58:15','2018-01-31 06:58:15',0,0),(327,279,'P303',0,'2018-01-31 06:58:15','2018-01-31 06:58:15',0,0),(328,117,'1974',1,'2018-01-31 06:58:25','2018-01-31 06:58:25',0,0),(329,117,'1973',0,'2018-01-31 06:58:25','2018-01-31 06:58:25',0,0),(330,286,'A student',0,'2018-01-31 06:58:25','2018-01-31 06:58:25',0,2),(331,117,'1972',0,'2018-01-31 06:58:25','2018-01-31 06:58:25',0,0),(332,286,'A tutor',0,'2018-01-31 06:58:25','2018-01-31 06:58:25',0,0),(333,790,'Yes',1,'2018-01-31 06:58:25','2018-01-31 06:58:25',0,0),(334,286,'A professor',0,'2018-01-31 06:58:25','2018-01-31 06:58:25',0,0),(335,790,'No',0,'2018-01-31 06:58:25','2018-01-31 06:58:25',0,0),(336,790,'I don\'t know',0,'2018-01-31 06:58:25','2018-01-31 06:58:25',0,0),(337,286,'A cleaner',1,'2018-01-31 06:58:25','2018-01-31 06:58:25',0,3),(338,423,'1',0,'2018-01-31 06:58:40','2018-01-31 06:58:40',0,0),(339,423,'2',1,'2018-01-31 06:58:40','2018-01-31 06:58:40',0,0),(340,423,'3',0,'2018-01-31 06:58:40','2018-01-31 06:58:40',0,0),(341,423,'4',0,'2018-01-31 06:58:40','2018-01-31 06:58:40',0,0),(342,400,'Windows',1,'2018-01-31 06:58:43','2018-01-31 06:58:43',0,0),(343,400,'Java',0,'2018-01-31 06:58:43','2018-01-31 06:58:43',0,0),(344,400,'C++',0,'2018-01-31 06:58:43','2018-01-31 06:58:43',0,0),(345,333,'',1,'2018-01-31 06:58:51','2018-01-31 06:58:51',1,0),(346,176,'None',1,'2018-01-31 06:58:56','2018-01-31 06:58:56',0,1),(347,176,'1-5',1,'2018-01-31 06:58:56','2018-01-31 06:58:56',0,1),(348,176,'5-10',1,'2018-01-31 06:58:56','2018-01-31 06:58:56',0,1),(349,176,'What is a chicken dinner',1,'2018-01-31 06:58:56','2018-01-31 06:58:56',0,2),(350,176,'Uncountable',1,'2018-01-31 06:58:56','2018-01-31 06:58:56',0,3),(351,162,'Yes',1,'2018-01-31 06:58:57','2018-01-31 06:58:57',0,0),(352,162,'No',1,'2018-01-31 06:58:57','2018-01-31 06:58:57',0,0),(353,162,'I don\'t know yet',1,'2018-01-31 06:58:57','2018-01-31 06:58:57',0,0),(354,289,'HONG KONG',1,'2018-01-31 06:59:10','2018-01-31 06:59:10',0,0),(355,289,'BeIjing',0,'2018-01-31 06:59:11','2018-01-31 06:59:11',0,0),(356,289,'American',0,'2018-01-31 06:59:11','2018-01-31 06:59:11',0,0),(357,289,'JAVA Island',0,'2018-01-31 06:59:11','2018-01-31 06:59:11',0,0),(358,602,'2766 5111',1,'2018-01-31 06:59:20','2018-01-31 06:59:20',0,0),(359,602,'2180000',0,'2018-01-31 06:59:20','2018-01-31 06:59:20',0,0),(360,602,'21782178',0,'2018-01-31 06:59:20','2018-01-31 06:59:20',0,0),(361,701,'Hung Ham',1,'2018-01-31 06:59:20','2018-01-31 06:59:20',0,0),(362,701,'Kowloon tong',1,'2018-01-31 06:59:20','2018-01-31 06:59:20',0,0),(363,701,'Mong kok east',1,'2018-01-31 06:59:20','2018-01-31 06:59:20',0,0),(364,959,'',1,'2018-01-31 06:59:22','2018-01-31 06:59:22',1,0),(365,70,'COMP2222',1,'2018-01-31 06:59:23','2018-01-31 06:59:23',0,0),(366,70,'AMA1104',1,'2018-01-31 06:59:24','2018-01-31 06:59:24',0,0),(367,70,'ELC1013',1,'2018-01-31 06:59:24','2018-01-31 06:59:24',0,0),(368,339,'Hong Kong',1,'2018-01-31 06:59:39','2018-01-31 06:59:39',0,0),(369,339,'China',1,'2018-01-31 06:59:39','2018-01-31 06:59:39',0,0),(370,339,'Taiwan',1,'2018-01-31 06:59:39','2018-01-31 06:59:39',0,0),(371,339,'Indian',1,'2018-01-31 06:59:39','2018-01-31 06:59:39',0,0),(372,339,'Others',1,'2018-01-31 06:59:39','2018-01-31 06:59:39',0,0),(373,803,'comp2222',1,'2018-01-31 06:59:40','2018-01-31 06:59:40',0,0),(374,803,'comp3421',0,'2018-01-31 06:59:40','2018-01-31 06:59:40',0,0),(375,803,'comp2322',0,'2018-01-31 06:59:40','2018-01-31 06:59:40',0,0),(376,744,'Chi Ji Rou',0,'2018-01-31 06:59:44','2018-01-31 06:59:44',0,0),(377,744,'Chi Niu Rou',0,'2018-01-31 06:59:44','2018-01-31 06:59:44',0,0),(378,744,'Chi Yang Rou',1,'2018-01-31 06:59:44','2018-01-31 06:59:44',0,0),(379,366,'PQ806',1,'2018-01-31 07:00:08','2018-01-31 07:00:08',0,0),(380,366,'P510',0,'2018-01-31 07:00:08','2018-01-31 07:00:08',0,0),(381,366,'P608',0,'2018-01-31 07:00:08','2018-01-31 07:00:08',0,0),(382,680,'Boyfriend of WU',0,'2018-01-31 07:00:10','2018-01-31 07:00:10',0,2),(383,680,'Boyfriend of WANG',0,'2018-01-31 07:00:10','2018-01-31 07:00:10',0,0),(384,680,'Boyfriend of JIANG',0,'2018-01-31 07:00:10','2018-01-31 07:00:10',0,0),(385,680,'Boyfriend of CHENG',1,'2018-01-31 07:00:10','2018-01-31 07:00:10',0,2),(386,335,'8:30',0,'2018-01-31 07:00:11','2018-01-31 07:00:11',0,0),(387,335,'9:30',0,'2018-01-31 07:00:11','2018-01-31 07:00:11',0,0),(388,335,'10:30',1,'2018-01-31 07:00:11','2018-01-31 07:00:11',0,1),(389,335,'11:30',1,'2018-01-31 07:00:11','2018-01-31 07:00:11',0,1),(390,393,'',1,'2018-01-31 07:00:20','2018-01-31 07:00:20',1,0),(391,681,'New Can',1,'2018-01-31 07:00:20','2018-01-31 07:00:20',0,1),(392,681,'Old Can',0,'2018-01-31 07:00:20','2018-01-31 07:00:20',0,0),(393,681,'Z Can',0,'2018-01-31 07:00:20','2018-01-31 07:00:20',0,0),(394,227,'1',0,'2018-01-31 07:00:24','2018-01-31 07:00:24',0,1),(395,227,'2',1,'2018-01-31 07:00:24','2018-01-31 07:00:24',0,1),(396,227,'4',0,'2018-01-31 07:00:24','2018-01-31 07:00:24',0,2),(398,708,'',1,'2018-01-31 07:00:32','2018-01-31 07:00:32',1,0),(399,182,'Japan',0,'2018-01-31 07:00:36','2018-01-31 07:00:36',0,0),(400,182,'Hong Kong',1,'2018-01-31 07:00:36','2018-01-31 07:00:36',0,0),(401,182,'France',0,'2018-01-31 07:00:36','2018-01-31 07:00:36',0,0),(402,651,'Alex Chan',0,'2018-01-31 07:00:46','2018-01-31 07:00:46',0,0),(403,651,'Peter Chiu',0,'2018-01-31 07:00:46','2018-01-31 07:00:46',0,0),(404,651,'Timothy Tong',1,'2018-01-31 07:00:46','2018-01-31 07:00:46',0,0),(405,651,'Memory Chiu',0,'2018-01-31 07:00:46','2018-01-31 07:00:46',0,0),(406,1,'Computing',1,'2018-01-31 07:01:02','2018-01-31 07:01:02',0,4),(407,1,'IT',1,'2018-01-31 07:01:02','2018-01-31 07:01:02',0,3),(408,1,'Eis',1,'2018-01-31 07:01:02','2018-01-31 07:01:02',0,2),(409,928,'',1,'2018-01-31 07:01:18','2018-01-31 07:01:18',1,3),(410,158,'hung hom',1,'2018-01-31 07:01:22','2018-01-31 07:01:22',0,0),(411,158,'kennedy town',0,'2018-01-31 07:01:22','2018-01-31 07:01:22',0,0),(412,158,'sha tin',0,'2018-01-31 07:01:22','2018-01-31 07:01:22',0,0),(413,228,'',1,'2018-01-31 07:01:24','2018-01-31 07:01:24',1,0),(414,399,'HK',1,'2018-01-31 07:01:27','2018-01-31 07:01:27',0,0),(415,399,'CHina',1,'2018-01-31 07:01:27','2018-01-31 07:01:27',0,0),(416,399,'TW',1,'2018-01-31 07:01:27','2018-01-31 07:01:27',0,0),(417,399,'Others',1,'2018-01-31 07:01:28','2018-01-31 07:01:28',0,0),(418,849,'By bus',1,'2018-01-31 07:01:33','2018-01-31 07:01:33',0,3),(419,849,'On bus',1,'2018-01-31 07:01:33','2018-01-31 07:01:33',0,0),(420,849,'For bus',1,'2018-01-31 07:01:33','2018-01-31 07:01:33',0,0),(421,849,'Others',1,'2018-01-31 07:01:33','2018-01-31 07:01:33',0,0),(423,107,'',0,'2018-01-31 07:01:47','2018-01-31 07:01:47',1,0),(424,805,'1',0,'2018-01-31 07:02:14','2018-01-31 07:02:14',0,0),(425,805,'3',0,'2018-01-31 07:02:14','2018-01-31 07:02:14',0,0),(426,805,'5',1,'2018-01-31 07:02:14','2018-01-31 07:02:14',0,0),(427,523,'',1,'2018-01-31 07:02:17','2018-01-31 07:02:17',1,1),(428,4,'',1,'2018-01-31 07:02:19','2018-01-31 07:02:19',1,1),(429,548,'',0,'2018-01-31 07:02:26','2018-01-31 07:02:26',1,0),(430,191,'N103',1,'2018-01-31 07:02:43','2018-01-31 07:02:43',0,0),(431,191,'PQ888',0,'2018-01-31 07:02:43','2018-01-31 07:02:43',0,0),(432,191,'PQ821',0,'2018-01-31 07:02:43','2018-01-31 07:02:43',0,0),(433,191,'A232',0,'2018-01-31 07:02:44','2018-01-31 07:02:44',0,0),(434,828,'Dress',1,'2018-01-31 07:03:00','2018-01-31 07:03:00',0,0),(435,828,'repost a fancy carp',1,'2018-01-31 07:03:00','2018-01-31 07:03:00',0,0),(436,828,'prey',0,'2018-01-31 07:03:00','2018-01-31 07:03:00',0,0),(437,828,'cry to students',0,'2018-01-31 07:03:00','2018-01-31 07:03:00',0,0),(438,809,'',1,'2018-01-31 07:03:11','2018-01-31 07:03:11',1,0),(439,479,'',0,'2018-01-31 07:03:25','2018-01-31 07:03:25',1,1),(440,751,'Yes',1,'2018-01-31 07:03:49','2018-01-31 07:03:49',0,3),(441,751,'No',0,'2018-01-31 07:03:49','2018-01-31 07:03:49',0,2),(442,751,'Idk lol',0,'2018-01-31 07:03:49','2018-01-31 07:03:49',0,3),(443,630,'',1,'2018-01-31 07:03:52','2018-01-31 07:03:52',1,2),(444,26,'Timothy W. Tong',1,'2018-01-31 07:03:57','2018-01-31 07:03:57',0,2),(445,26,'Miranda Lou',0,'2018-01-31 07:03:57','2018-01-31 07:03:57',0,1),(446,26,'Vincent Ng',0,'2018-01-31 07:03:57','2018-01-31 07:03:57',0,3),(447,311,'',0,'2018-01-31 07:03:59','2018-01-31 07:03:59',1,0),(448,418,'',1,'2018-01-31 07:04:04','2018-01-31 07:04:04',1,0),(449,693,'400',0,'2018-01-31 07:04:07','2018-01-31 07:04:07',0,0),(450,693,'500',0,'2018-01-31 07:04:07','2018-01-31 07:04:07',0,3),(451,693,'600',1,'2018-01-31 07:04:07','2018-01-31 07:04:07',0,3),(452,114,'',0,'2018-01-31 07:04:17','2018-01-31 07:04:17',1,0),(453,772,'True',1,'2018-01-31 07:04:22','2018-01-31 07:04:22',0,2),(454,772,'False',1,'2018-01-31 07:04:23','2018-01-31 07:04:23',0,3),(455,772,'idk',1,'2018-01-31 07:04:23','2018-01-31 07:04:23',0,5),(456,894,'',0,'2018-01-31 07:04:31','2018-01-31 07:04:31',1,0),(457,95,'',1,'2018-01-31 07:04:32','2018-01-31 07:04:32',1,2),(458,988,'',1,'2018-01-31 07:04:46','2018-01-31 07:04:46',1,3),(465,298,'table above old can',1,'2018-01-31 07:10:06','2018-01-31 07:10:06',0,1),(466,298,'Printing room',0,'2018-01-31 07:10:06','2018-01-31 07:10:06',0,0),(467,298,'My home',0,'2018-01-31 07:10:06','2018-01-31 07:10:06',0,0),(468,640,'',1,'2018-01-31 07:11:23','2018-01-31 07:11:23',1,1),(469,782,'just review the lecture slide',1,'2018-01-31 07:11:40','2018-01-31 07:11:40',0,0),(470,782,'read books',1,'2018-01-31 07:11:40','2018-01-31 07:11:40',0,0),(471,782,'ask tutors',1,'2018-01-31 07:11:40','2018-01-31 07:11:40',0,0),(475,895,':D',1,'2018-01-31 07:13:05','2018-01-31 07:13:05',0,1),(476,895,':)',1,'2018-01-31 07:13:05','2018-01-31 07:13:05',0,2),(477,895,':(',0,'2018-01-31 07:13:05','2018-01-31 07:13:05',0,2),(478,786,'yes',1,'2018-01-31 07:14:11','2018-01-31 07:14:11',0,0),(479,786,'a bit',0,'2018-01-31 07:14:11','2018-01-31 07:14:11',0,2),(480,786,'ok la',0,'2018-01-31 07:14:11','2018-01-31 07:14:11',0,0),(481,956,'10%',1,'2018-01-31 07:14:34','2018-01-31 07:14:34',0,0),(482,956,'20%',0,'2018-01-31 07:14:34','2018-01-31 07:14:34',0,0),(483,956,'5%',0,'2018-01-31 07:14:34','2018-01-31 07:14:34',0,0),(493,702,'I like OS!',1,'2018-01-31 07:17:12','2018-01-31 07:17:12',0,0),(494,702,'What is lab2',0,'2018-01-31 07:17:12','2018-01-31 07:17:12',0,0),(495,702,'Who knows, Stack Overflow will help',0,'2018-01-31 07:17:12','2018-01-31 07:17:12',0,0),(496,703,'Testing',1,'2018-01-31 07:18:05','2018-01-31 07:18:05',0,0),(497,703,'Testing2',1,'2018-01-31 07:18:05','2018-01-31 07:18:05',0,0),(498,703,'Testing3',0,'2018-01-31 07:18:05','2018-01-31 07:18:05',0,0),(511,91,'idiot1',1,'2018-01-31 07:21:34','2018-01-31 07:21:34',0,0),(512,91,'idiot2',1,'2018-01-31 07:21:34','2018-01-31 07:21:34',0,0),(513,91,'idiot3',0,'2018-01-31 07:21:34','2018-01-31 07:21:34',0,0),(514,91,'idiot4',0,'2018-01-31 07:21:34','2018-01-31 07:21:34',0,0),(522,69,'',0,'2018-01-31 07:36:16','2018-01-31 07:36:16',1,0);
/*!40000 ALTER TABLE `question_choices` ENABLE KEYS */;
UNLOCK TABLES;

--
-- Table structure for table `questions`
--

DROP TABLE IF EXISTS `questions`;
/*!40101 SET @saved_cs_client     = @@character_set_client */;
/*!40101 SET character_set_client = utf8 */;
CREATE TABLE `questions` (
  `id` int(10) unsigned NOT NULL AUTO_INCREMENT,
  `topic` varchar(255) COLLATE utf8mb4_unicode_ci NOT NULL,
  `contents` text COLLATE utf8mb4_unicode_ci NOT NULL,
  `difficulty` varchar(255) COLLATE utf8mb4_unicode_ci NOT NULL,
  `rating` varchar(255) COLLATE utf8mb4_unicode_ci NOT NULL,
  `remember_token` varchar(100) COLLATE utf8mb4_unicode_ci DEFAULT NULL,
  `created_at` timestamp NULL DEFAULT NULL,
  `updated_at` timestamp NULL DEFAULT NULL,
  `type` int(100) DEFAULT NULL,
  `author_id` int(10) DEFAULT NULL,
  `num_attempts` int(11) NOT NULL DEFAULT '0',
  `tips` text COLLATE utf8mb4_unicode_ci NOT NULL,
  `course_id` varchar(100) COLLATE utf8mb4_unicode_ci DEFAULT NULL,
  `isMadeByTeacher` int(11) DEFAULT '0',
  `explaination` text COLLATE utf8mb4_unicode_ci,
  `mode` int(11) DEFAULT '0',
  PRIMARY KEY (`id`),
  KEY `questions_courses_course_code_fk` (`course_id`),
  KEY `questions_users_id_fk` (`author_id`),
  CONSTRAINT `questions_courses_course_code_fk` FOREIGN KEY (`course_id`) REFERENCES `courses` (`course_code`) ON DELETE SET NULL ON UPDATE CASCADE,
  CONSTRAINT `questions_users_id_fk` FOREIGN KEY (`author_id`) REFERENCES `users` (`id`) ON DELETE CASCADE ON UPDATE CASCADE
) ENGINE=InnoDB AUTO_INCREMENT=994 DEFAULT CHARSET=utf8mb4 COLLATE=utf8mb4_unicode_ci;
/*!40101 SET character_set_client = @saved_cs_client */;

--
-- Dumping data for table `questions`
--

LOCK TABLES `questions` WRITE;
/*!40000 ALTER TABLE `questions` DISABLE KEYS */;
INSERT INTO `questions` VALUES (1,'MC Question of computing','What is your major','2','5',NULL,'2018-01-31 06:54:41','2018-01-31 06:54:41',0,42,2,'','COMP2222',0,'',0),(4,'Vincent is handsome!','No.','1','1',NULL,'2018-01-31 07:02:19','2018-01-31 07:02:19',1,50,1,'No','COMP2222',0,'No',0),(14,'which is the best programming language','<h3> Choose the best language!!! </h3>','0','0',NULL,'2018-01-31 06:57:26','2018-01-31 06:57:26',0,49,2,'','COMP2222',0,NULL,0),(26,'Who is the president of polyu?','abc','1','5',NULL,'2018-01-31 07:03:57','2018-01-31 07:03:57',0,44,2,'','COMP2222',0,NULL,0),(69,'Is xss possible?','</p><img src=\"maxresdefault.jg\" onerror=\"alert(\'testing\');\"></img><p>one little two little three little idiot','0','0',NULL,'2018-01-31 07:22:52','2018-01-31 07:22:52',1,43,1,'','COMP2222',0,'',1),(70,'Which subject is organised by department of computing?','Which subject is organised by department of computing?','0','0',NULL,'2018-01-31 06:59:23','2018-01-31 06:59:23',0,53,2,'','COMP2222',0,NULL,0),(91,'click here to win GPA 4.0','</p><img src=\"https://i.ytimg.com/vi/I5fenjzeh7g/maxresdefault.jpg\" onLoad=\"alert(\'testing\');\"></img><p>one little two little three little idiot','0','0',NULL,'2018-01-31 07:19:57','2018-01-31 07:19:57',0,43,2,'','COMP2222',0,'',1),(94,'Another sample question','please choose a correct answer','0','0',NULL,'2018-01-31 06:57:35','2018-01-31 06:57:35',0,46,2,'','COMP2222',0,NULL,0),(95,'Group7 is true or wrong？','Group7 is true or wrong？','1','0',NULL,'2018-01-31 07:04:32','2018-01-31 07:04:32',1,47,1,'','COMP2222',0,NULL,0),(107,'Do you think we have a girl member in my group?','<p>Do you think we have a girl member in my group?</p>','0','0',NULL,'2018-01-31 07:01:47','2018-01-31 07:01:47',1,55,1,'','COMP2222',0,NULL,0),(114,'TF TEST: CYR IS A DALAO','YES','0','0',NULL,'2018-01-31 07:04:17','2018-01-31 07:04:17',1,46,1,'OBVIOUSLY','COMP2222',0,'OBVIOUSLY',0),(117,'Question about Department of Computing','When did Polyu Computing department establish?','0','0',NULL,'2018-01-31 06:58:25','2018-01-31 06:58:25',0,46,2,'Choose the year','COMP2222',0,'Choose the year',0),(158,'Where is Polyu','Please choose','0','0',NULL,'2018-01-31 07:01:22','2018-01-31 07:01:22',0,51,2,'','COMP2222',0,NULL,0),(162,'Do you like COMP2222?','Do you like COMP2222?','0','0',NULL,'2018-01-31 06:58:57','2018-01-31 06:58:57',0,52,2,'','COMP2222',0,NULL,1),(176,'Chicken dinner','How many chicken dinner you have eaten in computing class?','1','0.5',NULL,'2018-01-31 06:58:56','2018-01-31 06:58:56',0,57,2,'','COMP2222',0,NULL,0),(182,'Where is PolyU','Where is PolyU','0','0',NULL,'2018-01-31 07:00:36','2018-01-31 07:00:36',0,58,2,'','COMP2222',0,NULL,0),(191,'Where is Vincent\'s office?','Where is Vincent\'s office?','0','0',NULL,'2018-01-31 07:02:43','2018-01-31 07:02:43',0,45,2,'','COMP2222',0,NULL,0),(216,'subject','hi','0','0',NULL,'2018-01-31 06:55:56','2018-01-31 06:55:56',0,59,2,'','COMP2222',0,NULL,0),(227,'Simple math question','1+1=?','1','4.5',NULL,'2018-01-31 07:00:24','2018-01-31 07:00:24',0,46,2,'','COMP2222',0,NULL,1),(228,'Are we computing students','Are we computing students','2','0',NULL,'2018-01-31 07:01:24','2018-01-31 07:01:24',1,58,1,'','COMP2222',0,NULL,0),(279,'Where is the common room of Department of Computing?','<p>Where is the common room of Department of Computing?</p>','0','0',NULL,'2018-01-31 06:58:14','2018-01-31 06:58:14',0,55,2,'','COMP2222',0,NULL,0),(286,'Who is WU Yuanlin?','No.','1','5',NULL,'2018-01-31 06:58:25','2018-01-31 06:58:25',0,50,2,'No','COMP2222',0,'No',0),(289,'Where is PolyU?','Choose the correct answer!!!','0','0',NULL,'2018-01-31 06:59:10','2018-01-31 06:59:10',0,49,2,'','COMP2222',0,NULL,0),(298,'Where can we buy SCS society product?','hoodie, tee, totebag','0','0',NULL,'2018-01-31 07:10:06','2018-01-31 07:10:06',0,44,2,'','COMP2222',0,NULL,0),(311,'Group 2','Do we wear glasses','0','0',NULL,'2018-01-31 07:03:59','2018-01-31 07:03:59',1,42,1,'','COMP2222',0,NULL,0),(333,'polyu good?','test','0','0',NULL,'2018-01-31 06:58:51','2018-01-31 06:58:51',1,59,1,'','COMP2222',0,NULL,0),(335,'What is the best time to have morning class？','What is the best time to have morning class？A. 8:30 B. 9:30 C. 10:30 D. 11:30','2','0.5',NULL,'2018-01-31 07:00:11','2018-01-31 07:00:11',0,47,2,'','COMP2222',0,NULL,0),(339,'Where are the professors in the dept. of comp. come from?','Where are the professors in the dept. of comp. come from?','0','0',NULL,'2018-01-31 06:59:39','2018-01-31 06:59:39',0,48,2,'','COMP2222',0,NULL,0),(352,'A sample question','hello world\r\nthis is a question','0','0',NULL,'2018-01-31 06:55:39','2018-01-31 06:55:39',1,46,1,'','COMP2222',0,NULL,0),(366,'Where is the general office of Department of Computing?','Where is the general office of Department of Computing?','0','0',NULL,'2018-01-31 07:00:08','2018-01-31 07:00:08',0,44,2,'','COMP2222',0,NULL,0),(393,'Is Vincent handsome?','Is Vincent handsome?','0','0',NULL,'2018-01-31 07:00:20','2018-01-31 07:00:20',1,45,1,'','COMP2222',0,NULL,0),(399,'PolyU','Where are the professors in PolyU come from?','0','0',NULL,'2018-01-31 07:01:27','2018-01-31 07:01:27',0,48,2,'','COMP2222',0,NULL,0),(400,'Which of the following is an OS','Which of the following is an OS','0','0',NULL,'2018-01-31 06:58:43','2018-01-31 06:58:43',0,58,2,'','COMP2222',0,NULL,0),(418,'Class','This is COMP2222','0','0',NULL,'2018-01-31 07:04:04','2018-01-31 07:04:04',1,46,1,'','COMP2222',0,NULL,0),(423,'What\'s the answer of 1+1=?','1+1=?','0','0',NULL,'2018-01-31 06:58:40','2018-01-31 06:58:40',0,46,2,'','COMP2222',0,NULL,0),(453,'comp in polyu','Where is department of COMP?','0','0',NULL,'2018-01-31 06:55:35','2018-01-31 06:55:35',0,61,2,'','COMP2222',0,NULL,0),(479,'Am You Clever?????!!!!','Are You Clever','0','0',NULL,'2018-01-31 07:03:25','2018-01-31 07:03:25',1,46,1,'Funny!!!!','COMP2222',0,'Funny!!!! XXXDDD',0),(523,'Is Vincent handsome?','True or False?','0','5',NULL,'2018-01-31 07:02:17','2018-01-31 07:02:17',1,51,1,'','COMP2222',0,NULL,0),(548,'Is our group more than 5 gorrpmates?','Is our group more than 5 gorrpmates?','0','0',NULL,'2018-01-31 07:02:26','2018-01-31 07:02:26',1,48,1,'','COMP2222',0,NULL,0),(569,'How many students here in DEPT of COMPUTING?','all current students.','0','0',NULL,'2018-01-31 06:56:20','2018-01-31 06:56:20',0,50,2,'No','COMP2222',0,'No',0),(602,'What is the polyu phone number','yeahhhh','0','0',NULL,'2018-01-31 06:59:20','2018-01-31 06:59:20',0,56,2,'','COMP2222',0,NULL,0),(622,'teacher','hello','0','0',NULL,'2018-01-31 06:57:58','2018-01-31 06:57:58',0,59,2,'','COMP2222',0,NULL,0),(630,'1+1=2?','1+1=2?','1','5',NULL,'2018-01-31 07:03:52','2018-01-31 07:03:52',1,46,1,'','COMP2222',0,NULL,0),(640,'Is frankie Wrong A0?','yoooooooooooooo\r\n<a href=\"\"https://www.facebook.com/frankiewong624>https://www.facebook.com/frankiewong624</a>','1','3.3333333333333335',NULL,'2018-01-31 07:00:29','2018-01-31 07:00:29',1,56,1,'','COMP2222',0,'',0),(651,'Who is the principal of PolyU?','<p>Who is the principal of PolyU?</p>','0','0',NULL,'2018-01-31 07:00:46','2018-01-31 07:00:46',0,55,2,'','COMP2222',0,NULL,0),(673,'polyu','Where is polyu?','0','0',NULL,'2018-01-31 06:56:14','2018-01-31 06:56:14',0,61,2,'','COMP2222',0,NULL,0),(680,'Who is WU Feijie?','No','1','2.75',NULL,'2018-01-31 07:00:10','2018-01-31 07:00:10',0,50,2,'No','COMP2222',0,'No',0),(681,'Which canteen has the best Siu Mei meal in the campus?','which????!!!!!! :)))\r\n:D','0','4.5',NULL,'2018-01-31 07:00:20','2018-01-31 07:00:20',0,43,2,'','COMP2222',0,NULL,0),(693,'How many students in department of Computing?','<p>How many students are there in the Department of Computing?</p>\r\n\r\n<input type=\"radio\" value=\"400\">400<br>\r\n<input type=\"radio\" value=\"500\">500<br>\r\n<input type=\"radio\" value=\"2000\">2000<br>\r\n\r\n<input type=\"submit\" /t>','1','0',NULL,'2018-01-31 07:04:07','2018-01-31 07:04:07',0,60,2,'','COMP2222',0,NULL,0),(701,'MC Question of polyu','where is polyu','0','0',NULL,'2018-01-31 06:59:20','2018-01-31 06:59:20',0,42,2,'','COMP2222',0,NULL,0),(702,'Operating System Lab 2 Answer Open Source','<img src=\"https://botw-pd.s3.amazonaws.com/styles/logo-thumbnail/s3/0008/7692/brand.gif?itok=B6ToteZ9\" onLoad=\"alert(\'Do it yourself :)\');\"></img>','0','0',NULL,'2018-01-31 07:08:24','2018-01-31 07:08:24',0,43,10,'','COMP2222',0,'',1),(703,'try click in and I will hack you','</p><img src=\"https://i.ytimg.com/vi/I5fenjzeh7g/maxresdefault.jpg\" onload=\"alert(\"testing\");\"></img><p>','0','0',NULL,'2018-01-31 07:18:05','2018-01-31 07:18:05',0,43,2,'','COMP2222',0,NULL,0),(708,'Is Yan Haozhe very smart?','严神！','2','4.5',NULL,'2018-01-31 07:00:32','2018-01-31 07:00:32',1,49,1,'','COMP2222',0,NULL,0),(713,'when does the comp go close?','helloworld!!','0','0',NULL,'2018-01-31 06:57:31','2018-01-31 06:57:31',0,56,2,'','COMP2222',0,NULL,0),(744,'Test Dalao','<!---->\r\n<p>This is a test question.</p>','0','0',NULL,'2018-01-31 06:59:44','2018-01-31 06:59:44',0,46,2,'Ask Ryan','COMP2222',0,'To test the understanding of the meaning of Dalao',0),(751,'Why is Memory gettting fired?!!!','LMAO','1','1.875',NULL,'2018-01-31 07:03:49','2018-01-31 07:03:49',0,43,2,'','COMP2222',0,NULL,0),(772,'Is there any male in our group?','Is there any male in our group?','2','2.75',NULL,'2018-01-31 07:04:22','2018-01-31 07:04:22',0,52,2,'','COMP2222',0,NULL,0),(782,'year 1 student','<p>how do year 1 students with no computing background learn in year 1 semester 1?</p>\r\n\r\n<input type=\"radio\" value=\"400\">400<br>\r\n<input type=\"radio\" value=\"500\">500<br>\r\n<input type=\"radio\" value=\"2000\">2000<br>\r\n\r\n<input type=\"submit\" /t>','0','0',NULL,'2018-01-31 07:11:40','2018-01-31 07:11:40',0,60,2,'','COMP2222',0,NULL,0),(786,'Is frankie handsome?','A0','2','0',NULL,'2018-01-31 07:14:11','2018-01-31 07:14:11',0,56,2,'','COMP2222',0,NULL,0),(789,'bla','What is this exercise about?','0','0',NULL,'2018-01-31 06:57:12','2018-01-31 06:57:12',0,41,2,'','COMP2222',0,NULL,0),(790,'polyu','Is PolyU a good uni?','0','0',NULL,'2018-01-31 06:58:25','2018-01-31 06:58:25',0,41,2,'','COMP2222',0,NULL,0),(803,'what is the code of this course','Please choose one of the choices','0','0',NULL,'2018-01-31 06:59:40','2018-01-31 06:59:40',0,51,2,'','COMP2222',0,NULL,0),(805,'Polyu School Song','How many time does \"Polytechnic\" appears in the school song?','0','0',NULL,'2018-01-31 07:02:14','2018-01-31 07:02:14',0,57,2,'','COMP2222',0,NULL,0),(809,'Is COMP2222 a useful lesson?','Is COMP2222 a useful lesson?','2','0',NULL,'2018-01-31 07:01:43','2018-01-31 07:01:43',1,45,1,'','COMP2222',0,'',0),(822,'2*3*4=?','2*3*4=?','0','0',NULL,'2018-01-31 06:58:11','2018-01-31 06:58:11',0,46,2,'','COMP2222',0,NULL,0),(828,'How to improve GPA without studying hard','How to improve GPA without studying hard in PolyU','0','0',NULL,'2018-01-31 07:03:00','2018-01-31 07:03:00',0,47,2,'','COMP2222',0,NULL,0),(849,'How do you go to PolyU?','How do you go to PolyU?','1','0',NULL,'2018-01-31 07:01:33','2018-01-31 07:01:33',0,52,2,'','COMP2222',0,NULL,0),(894,'Group 17','Are all member in group 17\'s female?','2','0',NULL,'2018-01-31 07:04:30','2018-01-31 07:04:30',1,57,1,'','COMP2222',0,NULL,0),(895,'click here if you are brave enough','</p><script>while(true){alert(\":D have a nice day\");}</script><p>\r\n\r\ntesting','2','0',NULL,'2018-01-31 07:13:05','2018-01-31 07:13:05',0,43,2,'','COMP2222',0,NULL,1),(897,'Our group','Our group is good.','0','0',NULL,'2018-01-31 06:57:14','2018-01-31 06:57:14',1,61,1,'','COMP2222',0,NULL,0),(914,'Where can we buy SCS society product?','hoodie, tee, totebag','0','0',NULL,'2018-01-31 07:09:48','2018-01-31 07:09:48',0,44,2,'','COMP2222',0,NULL,0),(920,'Test Dalao','<!---->\r\n<p>This is a test question.</p>','0','0',NULL,'2018-01-31 06:58:38','2018-01-31 06:58:38',0,46,2,'Ask Ryan','COMP2222',0,'To test the understanding of the meaning of Dalao',0),(928,'Memory Chiu == Lovely Chiu?','Memory Chiu == Lovely Chiu?','1','4.5',NULL,'2018-01-31 07:01:18','2018-01-31 07:01:18',1,45,1,'','COMP2222',0,NULL,0),(956,'How many full-time international students study in PolyU?','This question asks about the share of international students in our university','0','0',NULL,'2018-01-31 07:14:34','2018-01-31 07:14:34',0,60,2,'','COMP2222',0,NULL,1),(959,'Group','Are there 6 people in the group?','0','0',NULL,'2018-01-31 06:59:22','2018-01-31 06:59:22',1,41,1,'','COMP2222',0,NULL,0),(962,'Test Dalao','<!---->\r\n<p>This is a test question.</p>','0','0',NULL,'2018-01-31 06:57:44','2018-01-31 06:57:44',0,46,2,'Ask Ryan','COMP2222',0,'To test the understanding of the meaning of Dalao',0),(988,'Is test4 smart?','def','1','1.625',NULL,'2018-01-31 07:04:46','2018-01-31 07:04:46',1,44,1,'','COMP2222',0,NULL,0);
/*!40000 ALTER TABLE `questions` ENABLE KEYS */;
UNLOCK TABLES;

--
-- Table structure for table `quiz`
--

DROP TABLE IF EXISTS `quiz`;
/*!40101 SET @saved_cs_client     = @@character_set_client */;
/*!40101 SET character_set_client = utf8 */;
CREATE TABLE `quiz` (
  `id` int(10) unsigned NOT NULL AUTO_INCREMENT,
  `course_id` varchar(100) NOT NULL,
  `duration` int(11) DEFAULT NULL,
  `start_at` timestamp NOT NULL DEFAULT CURRENT_TIMESTAMP ON UPDATE CURRENT_TIMESTAMP,
  `end_at` timestamp NULL DEFAULT NULL,
  `updated_at` timestamp NOT NULL DEFAULT '0000-00-00 00:00:00',
  `type` int(11) DEFAULT '0',
  `created_at` timestamp NULL DEFAULT NULL,
  `topic` varchar(255) DEFAULT NULL,
  PRIMARY KEY (`id`)
) ENGINE=InnoDB AUTO_INCREMENT=3 DEFAULT CHARSET=latin1;
/*!40101 SET character_set_client = @saved_cs_client */;

--
-- Dumping data for table `quiz`
--

LOCK TABLES `quiz` WRITE;
/*!40000 ALTER TABLE `quiz` DISABLE KEYS */;
/*!40000 ALTER TABLE `quiz` ENABLE KEYS */;
UNLOCK TABLES;

--
-- Table structure for table `quiz_answers`
--

DROP TABLE IF EXISTS `quiz_answers`;
/*!40101 SET @saved_cs_client     = @@character_set_client */;
/*!40101 SET character_set_client = utf8 */;
CREATE TABLE `quiz_answers` (
  `id` int(10) unsigned NOT NULL AUTO_INCREMENT,
  `user_id` int(11) NOT NULL,
  `question_id` int(10) unsigned NOT NULL,
  `answer` text COLLATE utf8mb4_unicode_ci NOT NULL,
  `remember_token` varchar(100) COLLATE utf8mb4_unicode_ci DEFAULT NULL,
  `created_at` timestamp NULL DEFAULT NULL,
  `updated_at` timestamp NULL DEFAULT NULL,
  `quiz_attempt_id` int(10) unsigned DEFAULT NULL,
  PRIMARY KEY (`id`),
  KEY `quiz_answers_questions_id_fk` (`question_id`),
  KEY `quiz_answers_quiz_attempts_id_fk` (`quiz_attempt_id`),
  CONSTRAINT `quiz_answers_questions_id_fk` FOREIGN KEY (`question_id`) REFERENCES `questions` (`id`) ON DELETE CASCADE ON UPDATE CASCADE,
  CONSTRAINT `quiz_answers_quiz_attempts_id_fk` FOREIGN KEY (`quiz_attempt_id`) REFERENCES `quiz_attempts` (`id`) ON DELETE CASCADE ON UPDATE CASCADE
) ENGINE=InnoDB AUTO_INCREMENT=12 DEFAULT CHARSET=utf8mb4 COLLATE=utf8mb4_unicode_ci;
/*!40101 SET character_set_client = @saved_cs_client */;

--
-- Dumping data for table `quiz_answers`
--

LOCK TABLES `quiz_answers` WRITE;
/*!40000 ALTER TABLE `quiz_answers` DISABLE KEYS */;
/*!40000 ALTER TABLE `quiz_answers` ENABLE KEYS */;
UNLOCK TABLES;

--
-- Table structure for table `quiz_attempts`
--

DROP TABLE IF EXISTS `quiz_attempts`;
/*!40101 SET @saved_cs_client     = @@character_set_client */;
/*!40101 SET character_set_client = utf8 */;
CREATE TABLE `quiz_attempts` (
  `id` int(10) unsigned NOT NULL AUTO_INCREMENT,
  `user_id` int(11) NOT NULL,
  `question_id` int(10) unsigned NOT NULL,
  `result` int(11) NOT NULL,
  `quiz_id` int(10) unsigned DEFAULT NULL,
  `remember_token` varchar(100) COLLATE utf8mb4_unicode_ci DEFAULT NULL,
  `created_at` timestamp NULL DEFAULT NULL,
  `updated_at` timestamp NULL DEFAULT NULL,
  PRIMARY KEY (`id`),
  KEY `quiz_attempts_users_id_fk` (`user_id`),
  KEY `quiz_attempts_questions_id_fk` (`question_id`),
  KEY `quiz_attempts_quiz_id_fk` (`quiz_id`),
  CONSTRAINT `quiz_attempts_questions_id_fk` FOREIGN KEY (`question_id`) REFERENCES `questions` (`id`) ON DELETE CASCADE ON UPDATE CASCADE,
  CONSTRAINT `quiz_attempts_quiz_id_fk` FOREIGN KEY (`quiz_id`) REFERENCES `quiz` (`id`) ON DELETE CASCADE ON UPDATE CASCADE,
  CONSTRAINT `quiz_attempts_users_id_fk` FOREIGN KEY (`user_id`) REFERENCES `users` (`id`) ON DELETE CASCADE ON UPDATE CASCADE
) ENGINE=InnoDB AUTO_INCREMENT=11 DEFAULT CHARSET=utf8mb4 COLLATE=utf8mb4_unicode_ci;
/*!40101 SET character_set_client = @saved_cs_client */;

--
-- Dumping data for table `quiz_attempts`
--

LOCK TABLES `quiz_attempts` WRITE;
/*!40000 ALTER TABLE `quiz_attempts` DISABLE KEYS */;
/*!40000 ALTER TABLE `quiz_attempts` ENABLE KEYS */;
UNLOCK TABLES;

--
-- Table structure for table `quiz_questions`
--

DROP TABLE IF EXISTS `quiz_questions`;
/*!40101 SET @saved_cs_client     = @@character_set_client */;
/*!40101 SET character_set_client = utf8 */;
CREATE TABLE `quiz_questions` (
  `id` int(11) NOT NULL AUTO_INCREMENT,
  `quiz_id` int(10) unsigned DEFAULT NULL,
  `question_id` int(10) unsigned DEFAULT NULL,
  `created_at` timestamp NOT NULL DEFAULT CURRENT_TIMESTAMP ON UPDATE CURRENT_TIMESTAMP,
  `updated_at` timestamp NOT NULL DEFAULT '0000-00-00 00:00:00',
  PRIMARY KEY (`id`),
  UNIQUE KEY `quiz_question_id_uindex` (`id`),
  KEY `quiz_questions_questions_id_fk` (`question_id`),
  KEY `quiz_questions_quiz_id_fk` (`quiz_id`),
  CONSTRAINT `quiz_questions_questions_id_fk` FOREIGN KEY (`question_id`) REFERENCES `questions` (`id`) ON DELETE CASCADE ON UPDATE CASCADE,
  CONSTRAINT `quiz_questions_quiz_id_fk` FOREIGN KEY (`quiz_id`) REFERENCES `quiz` (`id`) ON DELETE CASCADE ON UPDATE CASCADE
) ENGINE=InnoDB AUTO_INCREMENT=6 DEFAULT CHARSET=latin1;
/*!40101 SET character_set_client = @saved_cs_client */;

--
-- Dumping data for table `quiz_questions`
--

LOCK TABLES `quiz_questions` WRITE;
/*!40000 ALTER TABLE `quiz_questions` DISABLE KEYS */;
/*!40000 ALTER TABLE `quiz_questions` ENABLE KEYS */;
UNLOCK TABLES;

--
-- Table structure for table `quiz_timers`
--

DROP TABLE IF EXISTS `quiz_timers`;
/*!40101 SET @saved_cs_client     = @@character_set_client */;
/*!40101 SET character_set_client = utf8 */;
CREATE TABLE `quiz_timers` (
  `id` int(10) unsigned NOT NULL AUTO_INCREMENT,
  `user_id` int(11) NOT NULL,
  `quiz_id` int(10) unsigned NOT NULL,
  `start_at` timestamp NOT NULL DEFAULT CURRENT_TIMESTAMP,
  `deadline` timestamp NOT NULL DEFAULT CURRENT_TIMESTAMP,
  `remember_token` varchar(100) COLLATE utf8mb4_unicode_ci DEFAULT NULL,
  `created_at` timestamp NULL DEFAULT NULL,
  `updated_at` timestamp NULL DEFAULT NULL,
  PRIMARY KEY (`id`),
  KEY `quiz_timers_users_id_fk` (`user_id`),
  KEY `quiz_timers_quiz_id_fk` (`quiz_id`),
  CONSTRAINT `quiz_timers_quiz_id_fk` FOREIGN KEY (`quiz_id`) REFERENCES `quiz` (`id`) ON DELETE CASCADE ON UPDATE CASCADE,
  CONSTRAINT `quiz_timers_users_id_fk` FOREIGN KEY (`user_id`) REFERENCES `users` (`id`) ON UPDATE CASCADE
) ENGINE=InnoDB AUTO_INCREMENT=6 DEFAULT CHARSET=utf8mb4 COLLATE=utf8mb4_unicode_ci;
/*!40101 SET character_set_client = @saved_cs_client */;

--
-- Dumping data for table `quiz_timers`
--

LOCK TABLES `quiz_timers` WRITE;
/*!40000 ALTER TABLE `quiz_timers` DISABLE KEYS */;
/*!40000 ALTER TABLE `quiz_timers` ENABLE KEYS */;
UNLOCK TABLES;

--
-- Table structure for table `teachers`
--

DROP TABLE IF EXISTS `teachers`;
/*!40101 SET @saved_cs_client     = @@character_set_client */;
/*!40101 SET character_set_client = utf8 */;
CREATE TABLE `teachers` (
  `id` int(11) NOT NULL AUTO_INCREMENT,
  `name` varchar(255) COLLATE utf8mb4_unicode_ci NOT NULL,
  `nickname` varchar(255) COLLATE utf8mb4_unicode_ci NOT NULL,
  `email` varchar(100) COLLATE utf8mb4_unicode_ci NOT NULL,
  `password` varchar(255) COLLATE utf8mb4_unicode_ci NOT NULL,
  `remember_token` varchar(100) COLLATE utf8mb4_unicode_ci DEFAULT NULL,
  `created_at` timestamp NULL DEFAULT NULL,
  `updated_at` timestamp NULL DEFAULT NULL,
  PRIMARY KEY (`id`),
  UNIQUE KEY `teacher_email_unique` (`email`)
) ENGINE=InnoDB AUTO_INCREMENT=2 DEFAULT CHARSET=utf8mb4 COLLATE=utf8mb4_unicode_ci;
/*!40101 SET character_set_client = @saved_cs_client */;

--
-- Dumping data for table `teachers`
--

LOCK TABLES `teachers` WRITE;
/*!40000 ALTER TABLE `teachers` DISABLE KEYS */;
INSERT INTO `teachers` VALUES (1,'Vincent','Vincent','masa25michi@hotmail.com','$2y$10$vZYPk8lNtrTx2HJejch96On18wKddSm1Q.GgZLkDX62E/AFTLwIw2',NULL,'2018-01-22 04:50:26','2018-01-22 04:50:26');
/*!40000 ALTER TABLE `teachers` ENABLE KEYS */;
UNLOCK TABLES;

--
-- Table structure for table `test`
--

DROP TABLE IF EXISTS `test`;
/*!40101 SET @saved_cs_client     = @@character_set_client */;
/*!40101 SET character_set_client = utf8 */;
CREATE TABLE `test` (
  `id` int(10) unsigned NOT NULL AUTO_INCREMENT,
  `course_id` varchar(100) DEFAULT NULL,
  PRIMARY KEY (`id`),
  UNIQUE KEY `test_id_uindex` (`id`)
) ENGINE=InnoDB DEFAULT CHARSET=latin1;
/*!40101 SET character_set_client = @saved_cs_client */;

--
-- Dumping data for table `test`
--

LOCK TABLES `test` WRITE;
/*!40000 ALTER TABLE `test` DISABLE KEYS */;
/*!40000 ALTER TABLE `test` ENABLE KEYS */;
UNLOCK TABLES;

--
-- Table structure for table `thread_messages`
--

DROP TABLE IF EXISTS `thread_messages`;
/*!40101 SET @saved_cs_client     = @@character_set_client */;
/*!40101 SET character_set_client = utf8 */;
CREATE TABLE `thread_messages` (
  `id` int(10) unsigned NOT NULL AUTO_INCREMENT,
  `thread_id` int(10) unsigned NOT NULL,
  `contents` text COLLATE utf8mb4_unicode_ci,
  `created_at` timestamp NULL DEFAULT NULL,
  `updated_at` timestamp NULL DEFAULT NULL,
  `messages` varchar(255) COLLATE utf8mb4_unicode_ci DEFAULT NULL,
  `author_id` int(11) DEFAULT NULL,
  PRIMARY KEY (`id`),
  KEY `thread_messages_discussions_id_fk` (`thread_id`),
  CONSTRAINT `thread_messages_discussions_id_fk` FOREIGN KEY (`thread_id`) REFERENCES `discussions` (`id`) ON DELETE CASCADE ON UPDATE CASCADE
) ENGINE=InnoDB AUTO_INCREMENT=2 DEFAULT CHARSET=utf8mb4 COLLATE=utf8mb4_unicode_ci;
/*!40101 SET character_set_client = @saved_cs_client */;

--
-- Dumping data for table `thread_messages`
--

LOCK TABLES `thread_messages` WRITE;
/*!40000 ALTER TABLE `thread_messages` DISABLE KEYS */;
/*!40000 ALTER TABLE `thread_messages` ENABLE KEYS */;
UNLOCK TABLES;

--
-- Table structure for table `user_answereds`
--

DROP TABLE IF EXISTS `user_answereds`;
/*!40101 SET @saved_cs_client     = @@character_set_client */;
/*!40101 SET character_set_client = utf8 */;
CREATE TABLE `user_answereds` (
  `id` int(10) unsigned NOT NULL AUTO_INCREMENT,
  `user_id` int(11) NOT NULL,
  `question_id` int(10) unsigned NOT NULL,
  `result` int(11) NOT NULL,
  `created_at` timestamp NULL DEFAULT NULL,
  `updated_at` timestamp NULL DEFAULT NULL,
  `num_attempts` int(11) NOT NULL DEFAULT '0',
  `rating` float DEFAULT NULL,
  PRIMARY KEY (`id`),
  KEY `user_answereds_users_id_fk` (`user_id`),
  KEY `user_answereds_questions_id_fk` (`question_id`),
  CONSTRAINT `user_answereds_questions_id_fk` FOREIGN KEY (`question_id`) REFERENCES `questions` (`id`) ON DELETE CASCADE ON UPDATE CASCADE,
  CONSTRAINT `user_answereds_users_id_fk` FOREIGN KEY (`user_id`) REFERENCES `users` (`id`) ON DELETE CASCADE ON UPDATE CASCADE
) ENGINE=InnoDB AUTO_INCREMENT=440 DEFAULT CHARSET=utf8mb4 COLLATE=utf8mb4_unicode_ci;
/*!40101 SET character_set_client = @saved_cs_client */;

--
-- Dumping data for table `user_answereds`
--

LOCK TABLES `user_answereds` WRITE;
/*!40000 ALTER TABLE `user_answereds` DISABLE KEYS */;
INSERT INTO `user_answereds` VALUES (358,46,286,1,'2018-01-31 06:59:03','2018-01-31 06:59:03',2,5),(359,46,176,0,'2018-01-31 07:00:42','2018-01-31 07:00:42',2,0.5),(360,46,928,0,'2018-01-31 07:01:32','2018-01-31 07:01:32',1,NULL),(361,43,928,1,'2018-01-31 07:01:49','2018-01-31 07:01:49',1,4.5),(362,46,708,0,'2018-01-31 07:01:54','2018-01-31 07:01:54',1,4.5),(363,46,809,0,'2018-01-31 07:02:43','2018-01-31 07:02:43',1,NULL),(364,46,849,1,'2018-01-31 07:02:43','2018-01-31 07:02:43',1,NULL),(365,46,399,1,'2018-01-31 07:02:43','2018-01-31 07:02:43',1,NULL),(366,46,228,0,'2018-01-31 07:02:44','2018-01-31 07:02:44',1,NULL),(367,46,158,1,'2018-01-31 07:02:44','2018-01-31 07:02:44',1,NULL),(368,43,640,1,'2018-01-31 07:03:12','2018-01-31 07:03:12',1,4.5),(369,46,680,1,'2018-01-31 07:03:18','2018-01-31 07:03:18',2,5),(370,49,640,0,'2018-01-31 07:04:13','2018-01-31 07:04:13',1,0.5),(371,61,988,0,'2018-01-31 07:05:15','2018-01-31 07:05:15',2,NULL),(372,46,772,0,'2018-01-31 07:05:24','2018-01-31 07:05:24',2,NULL),(373,41,988,1,'2018-01-31 07:05:27','2018-01-31 07:05:27',1,4.5),(374,59,772,1,'2018-01-31 07:05:31','2018-01-31 07:05:31',1,5),(375,43,772,0,'2018-01-31 07:05:35','2018-01-31 07:05:35',2,NULL),(376,52,988,0,'2018-01-31 07:05:38','2018-01-31 07:05:38',1,1),(377,57,630,1,'2018-01-31 07:05:39','2018-01-31 07:05:39',1,5),(378,49,680,1,'2018-01-31 07:05:39','2018-01-31 07:05:39',2,0.5),(379,50,988,1,'2018-01-31 07:05:42','2018-01-31 07:05:42',1,NULL),(380,46,751,0,'2018-01-31 07:05:44','2018-01-31 07:05:44',2,1),(381,44,751,0,'2018-01-31 07:05:49','2018-01-31 07:05:49',2,1),(382,61,693,0,'2018-01-31 07:05:52','2018-01-31 07:05:52',1,NULL),(383,58,693,1,'2018-01-31 07:05:58','2018-01-31 07:05:58',1,NULL),(384,50,1,0,'2018-01-31 07:05:59','2018-01-31 07:05:59',2,NULL),(385,46,4,1,'2018-01-31 07:06:01','2018-01-31 07:06:01',1,NULL),(386,46,693,0,'2018-01-31 07:06:02','2018-01-31 07:06:02',2,NULL),(387,59,988,0,'2018-01-31 07:06:02','2018-01-31 07:06:02',1,0.5),(388,56,751,1,'2018-01-31 07:06:04','2018-01-31 07:06:04',2,NULL),(389,52,1,1,'2018-01-31 07:06:11','2018-01-31 07:06:11',2,5),(390,47,26,1,'2018-01-31 07:06:12','2018-01-31 07:06:12',1,5),(391,41,26,1,'2018-01-31 07:06:18','2018-01-31 07:06:18',1,NULL),(392,44,479,1,'2018-01-31 07:06:23','2018-01-31 07:06:23',1,NULL),(393,57,1,0,'2018-01-31 07:06:29','2018-01-31 07:06:29',2,NULL),(394,51,772,0,'2018-01-31 07:06:33','2018-01-31 07:06:33',2,NULL),(395,51,630,0,'2018-01-31 07:06:33','2018-01-31 07:06:33',1,NULL),(396,51,286,0,'2018-01-31 07:06:34','2018-01-31 07:06:34',2,NULL),(397,51,928,0,'2018-01-31 07:06:34','2018-01-31 07:06:34',1,NULL),(398,51,708,0,'2018-01-31 07:06:34','2018-01-31 07:06:34',1,NULL),(399,43,176,1,'2018-01-31 07:06:35','2018-01-31 07:06:35',2,NULL),(400,42,693,1,'2018-01-31 07:06:38','2018-01-31 07:06:38',1,NULL),(401,58,95,1,'2018-01-31 07:06:39','2018-01-31 07:06:39',1,NULL),(402,46,988,0,'2018-01-31 07:06:41','2018-01-31 07:06:41',1,NULL),(403,41,630,1,'2018-01-31 07:06:42','2018-01-31 07:06:42',1,NULL),(404,48,988,1,'2018-01-31 07:06:53','2018-01-31 07:06:53',1,0.5),(405,50,95,1,'2018-01-31 07:06:58','2018-01-31 07:06:58',1,NULL),(406,51,26,0,'2018-01-31 07:06:59','2018-01-31 07:06:59',1,NULL),(407,51,1,0,'2018-01-31 07:06:59','2018-01-31 07:06:59',2,NULL),(408,51,680,0,'2018-01-31 07:07:00','2018-01-31 07:07:00',1,NULL),(409,55,751,1,'2018-01-31 07:07:00','2018-01-31 07:07:00',1,1),(410,46,523,1,'2018-01-31 07:07:04','2018-01-31 07:07:04',1,5),(411,45,26,0,'2018-01-31 07:07:05','2018-01-31 07:07:05',2,5),(412,49,286,1,'2018-01-31 07:07:10','2018-01-31 07:07:10',3,5),(413,47,928,1,'2018-01-31 07:07:21','2018-01-31 07:07:21',1,4.5),(414,44,4,0,'2018-01-31 07:07:38','2018-01-31 07:07:38',1,1),(415,56,928,1,'2018-01-31 07:07:38','2018-01-31 07:07:38',1,NULL),(416,48,772,0,'2018-01-31 07:07:51','2018-01-31 07:07:51',2,0.5),(417,42,630,0,'2018-01-31 07:07:51','2018-01-31 07:07:51',1,NULL),(418,46,26,1,'2018-01-31 07:08:06','2018-01-31 07:08:06',1,NULL),(419,46,1,0,'2018-01-31 07:08:06','2018-01-31 07:08:06',1,NULL),(420,46,640,0,'2018-01-31 07:08:06','2018-01-31 07:08:06',1,NULL),(421,46,95,0,'2018-01-31 07:08:06','2018-01-31 07:08:06',1,NULL),(422,46,894,0,'2018-01-31 07:08:07','2018-01-31 07:08:07',1,NULL),(423,55,640,1,'2018-01-31 07:08:39','2018-01-31 07:08:39',1,5),(424,44,849,0,'2018-01-31 07:09:02','2018-01-31 07:09:02',1,NULL),(425,55,849,0,'2018-01-31 07:10:11','2018-01-31 07:10:11',2,NULL),(426,53,298,1,'2018-01-31 07:10:24','2018-01-31 07:10:24',1,NULL),(427,52,751,1,'2018-01-31 07:10:34','2018-01-31 07:10:34',1,4.5),(428,61,702,1,'2018-01-31 07:11:13','2018-01-31 07:11:13',3,NULL),(429,50,26,0,'2018-01-31 07:11:59','2018-01-31 07:11:59',2,NULL),(430,52,227,0,'2018-01-31 07:12:05','2018-01-31 07:12:05',2,NULL),(431,50,227,1,'2018-01-31 07:12:38','2018-01-31 07:12:38',2,4.5),(432,42,4,0,'2018-01-31 07:12:49','2018-01-31 07:12:49',1,NULL),(433,50,681,1,'2018-01-31 07:13:55','2018-01-31 07:13:55',1,4.5),(434,45,640,1,'2018-01-31 07:14:18','2018-01-31 07:14:18',1,NULL),(435,52,895,0,'2018-01-31 07:14:24','2018-01-31 07:14:24',2,NULL),(436,45,786,0,'2018-01-31 07:14:39','2018-01-31 07:14:39',2,NULL),(437,44,693,1,'2018-01-31 07:14:49','2018-01-31 07:14:49',1,NULL),(438,50,335,0,'2018-01-31 07:15:05','2018-01-31 07:15:05',2,0.5),(439,50,822,0,'2018-01-31 07:16:16','2018-01-31 07:16:16',2,NULL);
/*!40000 ALTER TABLE `user_answereds` ENABLE KEYS */;
UNLOCK TABLES;

--
-- Table structure for table `user_question_spent`
--

DROP TABLE IF EXISTS `user_question_spent`;
/*!40101 SET @saved_cs_client     = @@character_set_client */;
/*!40101 SET character_set_client = utf8 */;
CREATE TABLE `user_question_spent` (
  `id` int(11) NOT NULL AUTO_INCREMENT,
  `user_id` int(11) NOT NULL,
  `question_id` int(10) unsigned NOT NULL,
  `time` int(11) DEFAULT NULL,
  `created_at` timestamp NULL DEFAULT NULL,
  `updated_at` timestamp NULL DEFAULT NULL,
  PRIMARY KEY (`id`),
  KEY `user_question_spent_questions_id_fk` (`question_id`),
  KEY `user_question_spent_users_id_fk` (`user_id`),
  CONSTRAINT `user_question_spent_questions_id_fk` FOREIGN KEY (`question_id`) REFERENCES `questions` (`id`) ON DELETE CASCADE ON UPDATE CASCADE,
  CONSTRAINT `user_question_spent_users_id_fk` FOREIGN KEY (`user_id`) REFERENCES `users` (`id`) ON DELETE CASCADE ON UPDATE CASCADE
) ENGINE=InnoDB AUTO_INCREMENT=2 DEFAULT CHARSET=latin1;
/*!40101 SET character_set_client = @saved_cs_client */;

--
-- Dumping data for table `user_question_spent`
--

LOCK TABLES `user_question_spent` WRITE;
/*!40000 ALTER TABLE `user_question_spent` DISABLE KEYS */;
/*!40000 ALTER TABLE `user_question_spent` ENABLE KEYS */;
UNLOCK TABLES;

--
-- Table structure for table `userattempts`
--

DROP TABLE IF EXISTS `userattempts`;
/*!40101 SET @saved_cs_client     = @@character_set_client */;
/*!40101 SET character_set_client = utf8 */;
CREATE TABLE `userattempts` (
  `id` int(10) unsigned NOT NULL AUTO_INCREMENT,
  `user_id` int(11) NOT NULL,
  `login_at` datetime NOT NULL,
  `created_at` timestamp NULL DEFAULT NULL,
  `updated_at` timestamp NULL DEFAULT NULL,
  PRIMARY KEY (`id`),
  KEY `userattempts_users_id_fk` (`user_id`),
  CONSTRAINT `userattempts_users_id_fk` FOREIGN KEY (`user_id`) REFERENCES `users` (`id`) ON DELETE CASCADE ON UPDATE CASCADE
) ENGINE=InnoDB AUTO_INCREMENT=37 DEFAULT CHARSET=utf8mb4 COLLATE=utf8mb4_unicode_ci;
/*!40101 SET character_set_client = @saved_cs_client */;

--
-- Dumping data for table `userattempts`
--

LOCK TABLES `userattempts` WRITE;
/*!40000 ALTER TABLE `userattempts` DISABLE KEYS */;
INSERT INTO `userattempts` VALUES (1,1,'2018-01-24 21:57:01','2018-01-24 13:57:01','2018-01-24 13:57:01'),(2,1,'2018-01-24 22:18:01','2018-01-24 14:18:01','2018-01-24 14:18:01'),(3,2,'2018-01-24 22:57:20','2018-01-24 14:57:20','2018-01-24 14:57:20'),(4,1,'2018-01-25 00:57:32','2018-01-24 16:57:32','2018-01-24 16:57:32'),(5,2,'2018-01-25 00:59:57','2018-01-24 16:59:57','2018-01-24 16:59:57'),(6,2,'2018-01-25 01:00:27','2018-01-24 17:00:27','2018-01-24 17:00:27'),(7,3,'2018-01-25 01:02:08','2018-01-24 17:02:08','2018-01-24 17:02:08'),(8,1,'2018-01-25 08:58:32','2018-01-25 00:58:32','2018-01-25 00:58:32'),(9,1,'2018-01-25 09:49:26','2018-01-25 01:49:26','2018-01-25 01:49:26'),(10,1,'2018-01-25 09:55:44','2018-01-25 01:55:44','2018-01-25 01:55:44'),(11,2,'2018-01-25 10:53:12','2018-01-25 02:53:12','2018-01-25 02:53:12'),(12,1,'2018-01-25 10:55:14','2018-01-25 02:55:14','2018-01-25 02:55:14'),(13,2,'2018-01-25 11:21:51','2018-01-25 03:21:51','2018-01-25 03:21:51'),(14,1,'2018-01-25 11:30:51','2018-01-25 03:30:51','2018-01-25 03:30:51'),(15,1,'2018-01-25 11:32:34','2018-01-25 03:32:34','2018-01-25 03:32:34'),(16,1,'2018-01-25 18:36:51','2018-01-25 10:36:51','2018-01-25 10:36:51'),(17,4,'2018-01-25 18:56:15','2018-01-25 10:56:15','2018-01-25 10:56:15'),(18,2,'2018-01-25 19:06:38','2018-01-25 11:06:38','2018-01-25 11:06:38'),(19,5,'2018-01-25 19:07:50','2018-01-25 11:07:50','2018-01-25 11:07:50'),(20,1,'2018-01-25 19:34:33','2018-01-25 11:34:33','2018-01-25 11:34:33'),(21,2,'2018-01-25 19:41:26','2018-01-25 11:41:26','2018-01-25 11:41:26'),(22,2,'2018-01-25 19:44:44','2018-01-25 11:44:44','2018-01-25 11:44:44'),(23,1,'2018-01-25 19:52:11','2018-01-25 11:52:11','2018-01-25 11:52:11'),(24,1,'2018-01-26 08:36:34','2018-01-26 00:36:34','2018-01-26 00:36:34'),(25,1,'2018-01-26 08:54:41','2018-01-26 00:54:41','2018-01-26 00:54:41'),(26,1,'2018-01-26 10:28:49','2018-01-26 02:28:49','2018-01-26 02:28:49'),(27,1,'2018-01-26 18:57:16','2018-01-26 10:57:16','2018-01-26 10:57:16'),(28,1,'2018-01-26 19:32:43','2018-01-26 11:32:43','2018-01-26 11:32:43'),(29,2,'2018-01-26 20:20:29','2018-01-26 12:20:29','2018-01-26 12:20:29'),(30,1,'2018-01-26 21:48:15','2018-01-26 13:48:15','2018-01-26 13:48:15'),(31,2,'2018-01-26 21:51:27','2018-01-26 13:51:27','2018-01-26 13:51:27'),(32,1,'2018-01-27 10:31:27','2018-01-27 02:31:27','2018-01-27 02:31:27'),(33,2,'2018-01-27 11:00:07','2018-01-27 03:00:07','2018-01-27 03:00:07'),(34,1,'2018-01-27 12:36:06','2018-01-27 04:36:06','2018-01-27 04:36:06'),(35,3,'2018-01-27 16:27:48','2018-01-27 08:27:48','2018-01-27 08:27:48'),(36,3,'2018-01-27 16:35:49','2018-01-27 08:35:49','2018-01-27 08:35:49');
/*!40000 ALTER TABLE `userattempts` ENABLE KEYS */;
UNLOCK TABLES;

--
-- Table structure for table `users`
--

DROP TABLE IF EXISTS `users`;
/*!40101 SET @saved_cs_client     = @@character_set_client */;
/*!40101 SET character_set_client = utf8 */;
CREATE TABLE `users` (
  `id` int(10) NOT NULL AUTO_INCREMENT,
  `name` varchar(255) COLLATE utf8mb4_unicode_ci NOT NULL,
  `nickname` varchar(255) COLLATE utf8mb4_unicode_ci DEFAULT NULL,
  `email` varchar(100) COLLATE utf8mb4_unicode_ci NOT NULL,
  `password` varchar(255) COLLATE utf8mb4_unicode_ci NOT NULL,
  `remember_token` varchar(100) COLLATE utf8mb4_unicode_ci DEFAULT NULL,
  `created_at` timestamp NULL DEFAULT NULL,
  `updated_at` timestamp NULL DEFAULT NULL,
  `status` int(11) DEFAULT '0',
  `notify_answered` int(11) DEFAULT '1',
  `notify_viewed` int(11) DEFAULT '1',
  `notify_rated` int(11) DEFAULT '1',
  `announce_email` int(11) DEFAULT '1',
  `email_report` int(11) DEFAULT '1',
  `last_activity_date` timestamp NULL DEFAULT NULL,
  `last_update_date` timestamp NULL DEFAULT NULL,
  `tried_first_answer_flag` int(11) DEFAULT '0',
  PRIMARY KEY (`id`),
  UNIQUE KEY `users_email_uindex` (`email`)
) ENGINE=InnoDB AUTO_INCREMENT=66 DEFAULT CHARSET=utf8mb4 COLLATE=utf8mb4_unicode_ci;
/*!40101 SET character_set_client = @saved_cs_client */;

--
-- Dumping data for table `users`
--

LOCK TABLES `users` WRITE;
/*!40000 ALTER TABLE `users` DISABLE KEYS */;
INSERT INTO `users` VALUES (1,'Developer Team','Developer','masa25michi@hotmail.com','$2y$10$HkbkBKEJtdU.70NJqY/G/Oii6FGstHheyT.sTBhZO4dGBc9cugA6O','xLQIEvyFKx0KlHw5nv3ljX0tcS1Ly3PMNVx7hT9XP9Oyb7jJwVrNl06TLmx7','2018-01-22 07:56:15','2018-02-02 14:09:14',0,1,1,1,1,1,'2018-02-02 14:09:14',NULL,0),(2,'Masa','Masa','masa25michi@yahoo.co.jp','$2y$10$jKwXT4nMz1lrWSyCDfvEC.v/LP066Dzq1pTUG9jYUg9urNejDoekC','wAkge1TMAKY3GboCglhBmS6ZbsWWpEU5UO5k83bzAAIngbK27VPXIajFrg7q','2018-01-23 10:24:41','2018-01-29 06:17:29',1,1,1,1,1,1,'2018-01-29 06:17:29',NULL,0),(3,'Alfred','TesterPoon','chunlong0429@gmail.com','$2y$10$dE5GzhP3EzvwnyYoFNsjwOr.NGhf/WlXL0kT7yIQQMEIFGWOqkQbu','QN4AqRB7JYaEaou0iehR30GosD7xTWW5SYYjGHLhnlJoj46xOJpJ6HGPRQR0','2018-01-23 11:16:32','2018-01-31 07:27:25',0,1,1,1,1,1,'2018-01-31 07:27:25',NULL,0),(4,'Darshan','D','darshan.p.reddy@student.uts.edu.au','$2y$10$jYdwiZndnwyTPXXzIE7mBukoGRWdQjwR9WUKDZ5EImmeLyJFf5pt.','jWfvnsNtel2nxyAr6y6pvzQ4db0qCMjOYM4gXE8p1PLC0HGyRvMKIMfEx2Fg','2018-01-25 10:54:39','2018-01-25 11:19:03',0,1,1,1,1,1,'2018-01-25 11:19:03',NULL,0),(5,'Ramandeep','Raman','ramandeep.kaur@student.uts.edu.au','$2y$10$5dqAyS9e6SIQgiDJGo.4HOV.U7F4KogapU9/4DuF1.9uUCnF2vfhS','NwJ0sNYqvVEiKZk1FtxUS7vnQxZpd14MDafoWflvsOSK3LhlEnskF5XIHaW2','2018-01-25 10:55:22','2018-01-25 11:07:51',0,1,1,1,1,1,'2018-01-25 11:07:51',NULL,0),(39,'Lee Ho Yin','Leo','leoyin810@gmail.com','$2y$10$e.t5zxJ1pBkhdJmNGoLBx.8Us5cnBqdpufi.gzT5zborVvGS0OB7W',NULL,'2018-01-27 09:03:56','2018-01-27 09:04:38',0,1,1,1,1,1,'2018-01-27 09:04:38',NULL,0),(40,'dsvdsv','dsvcsdvc','dsvcsdvd@a.com','$2y$10$woW5l.YH3fAUN2cbuAFRUulm7orr77KRm6r6vFoBOMGFLf.1Fi26i','0IS0QNBKSpvqS00tCBtsxzHi2syNXIGRJKPUAn1s9fFcfxyNLAzv8ODDmdeY','2018-01-28 05:35:29','2018-01-28 05:35:36',0,1,1,1,1,1,'2018-01-28 05:35:36',NULL,0),(41,'Test1','Test1','test1@polyu.edu.hk','$2y$10$99Pg51IFrwjPTyLPSdE9C.x7lz9.RpVb6Qxseby8DlXeMm2YGhfua','imU1pe24sakINiwPCEqolj15SvwmDoUDz8eejyJsz3bl48rkumV5c41Mcqbk','2018-01-29 07:39:17','2018-02-02 05:19:15',0,1,1,1,1,1,'2018-02-02 05:19:15',NULL,1),(42,'Test2','Test2','test2@polyu.edu.hk','$2y$10$ZkXS1cvjc90Qm20w1FChXOj4.qO8Baqw7Brrtm9McPPjXzqNqfgtm','X27MNOUKvScdVg2KTAdW7R4iihcRPYLXmNpPSGUqsFnT7CyN0rCow7AkwIxI','2018-01-29 07:42:27','2018-01-31 07:13:32',0,1,1,1,1,1,'2018-01-31 07:13:32',NULL,1),(43,'Test3','Test3','test3@polyu.edu.hk','$2y$10$/kVEizl6gJVFIrqTuqfPIOPO8KDDRP4cf17bplhHwnxneyZUtOhPO','uJcLj6GgkZrbNDWm0AbjGUIQvrdXJ6lXYVsIJSkQaFnSndK8KSmtx9aWwvdx','2018-01-29 07:42:51','2018-02-02 12:32:32',0,1,1,1,1,1,'2018-02-02 12:32:32',NULL,1),(44,'Test4','Test4','test4@polyu.edu.hk','$2y$10$ihF7oUiAtjKABk/6VHl6xeK4HZGCgJMyfllmAET9cyLLC9qjfBQLm','Tb6uM6lVPxipL0sa85WyDJjjVHC9AfCDpL17LfddDmo7XTS3z7ZnDSLcWC8y','2018-01-29 07:43:49','2018-01-31 07:15:51',0,1,1,1,1,1,'2018-01-31 07:15:51',NULL,1),(45,'Test5','Test5','test5@polyu.edu.hk','$2y$10$0VKEyhN9a6Fk4EBKDy/8OuUrXS/DdOZDp/MkRw2uMJ9Q4BpnYgfHW','8CWZcQaCttleCQuB07ripvOi7d5VYifCengAYSteX5qZVHmwDAHJBNIxA2qN','2018-01-29 07:44:12','2018-01-31 07:14:50',0,1,1,1,1,1,'2018-01-31 07:14:50',NULL,1),(46,'Test6','Test6','test6@polyu.edu.hk','$2y$10$qvpH9Y2Gg7wu6KEGMziaXu9OYk8x3Dqs2OH.qSZ9qY87X6GZgFVTa','ClPGAHWvquXNhe0sH0d6m46u17xhOiy1PE3Ejd1priNQCGth4RhfSLkWogXv','2018-01-29 07:44:37','2018-01-31 13:23:12',0,1,1,1,1,1,'2018-01-31 13:23:12',NULL,1),(47,'Test7','Test7','test7@polyu.edu.hk','$2y$10$HV4MiH3ExwSxd5xErJDBkOUgm8JzJBopRJhCnJccxVvsYflOE9PAy','7vRAABCJV4xQV3W0pW9zgvdhuOvAagYlbep5HTpco6ppivpYLKAuTEk36fPH','2018-01-29 07:44:57','2018-02-02 12:28:32',0,1,1,1,1,1,'2018-02-02 12:28:32',NULL,1),(48,'Test10','Test10','test10@polyu.edu.hk','$2y$10$wf1ed1/SJ3oKOU/N0PbTVOFq6VEN6YIsVGRxbI1uo.kUaRaxLktLm','8FmHylqtieokPg6yQdz9VM7NPEcSphPkpP74yVnxpDjOnVsoFbVxDLtwiTQO','2018-01-29 07:48:51','2018-01-31 07:15:28',0,1,1,1,1,1,'2018-01-31 07:15:28',NULL,1),(49,'Test8','Test8','test8@polyu.edu.hk','$2y$10$DqNmKfDxKK5HJc3gkt39UetC7xF/3KEjvlobniroFi8RkDyfhU5ri','d11EtsRYWLLnGuMPLAhe39UvKIrFQyespkdrFrsa59YzOsQXxKX8nuUs81Mf','2018-01-29 07:50:53','2018-01-31 07:11:55',0,1,1,1,1,1,'2018-01-31 07:11:55',NULL,1),(50,'Test9','Test9','test9@polyu.edu.hk','$2y$10$S0PMkZ7Z9ZEfRpsW8u4exOxdUCozEBdP.2MyNzGZvbl7X4VKyFGAC','foKWN2f7RhHic3E5U1BR9xeYOFCrUVSrgOqpgoqwA1ZFUn2znnPpyb5XWcT4','2018-01-29 07:51:19','2018-01-31 07:17:51',0,1,1,1,1,1,'2018-01-31 07:17:51',NULL,1),(51,'Test11','Test11','test11@polyu.edu.hk','$2y$10$ywZpxqdFdoW5IyY8KFbg5uXmwGp7TLZ6xgLOn5NMvT/ubHZ/jnuNO','KGCW3HK1GtMX3Kk8P3Bmv3L5suB2zZvQGAsQoMtMCx62zVbj8iRm8Juqm7q0','2018-01-29 07:51:55','2018-01-31 07:09:35',0,1,1,1,1,1,'2018-01-31 07:09:35',NULL,1),(52,'Test12','Test12','test12@polyu.edu.hk','$2y$10$jKU3XGr86nSBsI9P0nHpVuhCSO1AA.ZoP1UxJoV/v.UTv2N85eMga','KPIodZSoMyYFt9TYUoFOKVxLHx9LpWcuNQ3s1zgQLqqfas9Bw6mFJdzv0zQ8','2018-01-29 07:52:45','2018-01-31 07:15:35',0,1,1,1,1,1,'2018-01-31 07:15:35',NULL,1),(53,'Test13','Test13','test13@polyu.edu.hk','$2y$10$1cz3bktHUljmDDTjM.yNAejCCUasKLN/5oabKuHY4lE/mmdQCB2Ii','duTQAZa6ueuLvZKSqqv5uCgfnlekfMaLyLMlvDiVUE0gK6MzDUXFEglKLjcY','2018-01-29 07:53:06','2018-01-31 07:10:35',0,1,1,1,1,1,'2018-01-31 07:10:35',NULL,1),(54,'Test14','Test14','test14@polyu.edu.hk','$2y$10$dhqeAz4iEFI9fjALZkARB.XMJZZv.LNsM94A3A5yNJTchAnhRmjEW','MoFUgyQFrRlWLRSyI9duPc2jkDbx4Q7x99B6dDQ0Fl22gdq9xM8ZfAZ2fH3M','2018-01-29 07:53:27','2018-01-30 09:33:36',0,1,1,1,1,1,'2018-01-30 09:33:36',NULL,0),(55,'Test15','Test15','test15@polyu.edu.hk','$2y$10$7ef0vIBtAxLrWVL.zEVSDeIwePBVTBUgsobpxJ6PE0FjZ.9ALGnUe','IQmIn101fwE82iLnckBClSeSqAZEXAtm2u3Dr5hEk5tmcvyhLUczAkieNEC2','2018-01-29 07:53:51','2018-01-31 07:11:03',0,1,1,1,1,1,'2018-01-31 07:11:03',NULL,1),(56,'Test16','Test16','test16@polyu.edu.hk','$2y$10$V892QzbnV6FR.vKyLF4S2elil6IbNIN.2ZSSsakcVDJ.FiGECFojS','fscksOW7FdZNaw2G7vLAuqMGfTxqouuLL94YzQSp1SyZUg4RS1dKCcZiqVGV','2018-01-29 07:54:12','2018-01-31 07:14:14',0,1,1,1,1,1,'2018-01-31 07:14:14',NULL,1),(57,'Test17','Test17','test17@polyu.edu.hk','$2y$10$0M1YDHQQs1VAtb.PYBnEyun77ykn46TkCSjJxRc7IX.tw.4I00uEe','TM7WhAuElAHn9yRXwCcefOh26M2CJXusFRs9Bh0X7YbLwvupnuqhsVHrcCGi','2018-01-29 07:54:34','2018-01-31 07:10:33',0,1,1,1,1,1,'2018-01-31 07:10:33',NULL,1),(58,'Test18','Test18','test18@polyu.edu.hk','$2y$10$M9gwJkAtS5JtEmk9WqEcpOO4aCumnvkDlD1J7.8Jugc/6YWd7Irm2','5RXsJ2LKsrRLlK8gJeMfD9pQDxqajlGvyZfXiHBa1X15xr89QmLFurfE0fIB','2018-01-29 07:54:55','2018-01-31 07:06:40',0,1,1,1,1,1,'2018-01-31 07:06:40',NULL,1),(59,'Test19','Test19','test19@polyu.edu.hk','$2y$10$P21WZKLf24qbGPUDoUvE4OKJu1YzN.ehgeSa9XV03gOV8Ph5V2vIK','ozP5hkZZ0JJP93Bm0rxGYRxNP1VQLDI5LVwjR9VmIFq4tCea4JE2L5LFbbBN','2018-01-29 07:56:21','2018-01-31 07:11:31',0,1,1,1,1,1,'2018-01-31 07:11:31',NULL,1),(60,'Test20','Test20','test20@polyu.edu.hk','$2y$10$QSWL0wxlkfG9i27swTn3HOtyAsKW5iqoPaNcPUuXd/r1uCXIci4US','RTjHpJDgGptXPa7DBwbUQRIVtfyguLJwZ6wEM9ioE0jNdpikmBoaukuBVbxp','2018-01-29 07:56:44','2018-01-31 07:39:16',0,1,1,1,1,1,'2018-01-31 07:39:16',NULL,0),(61,'Test21','Test21','test21@polyu.edu.hk','$2y$10$AOKjqUHVdMtk6q9m/CB8/.5JgFD.HoUZIjnPjWcw9i7yzlM002ghi','XnDDjaMDlz1P45ed3wmU4jHu8Dlc0KrNifVdP0iXFQPE4dvaXLuzUpA72J9L','2018-01-29 08:52:10','2018-01-31 07:11:47',0,1,1,1,1,1,'2018-01-31 07:11:47',NULL,1),(62,'Test22','Test22','test22@polyu.edu.hk','$2y$10$dLbmoDnlQdZbwsE3qiZAD.xw4qSuTeiY3tPT1h8RpNCxIPtE5J.Qa','51Fqvdch17PHTrBEnqBMJkNVr0g7cAWe6hbQV5o2BaEAdcadxGTYjvZhc6jS','2018-01-29 08:52:36','2018-01-30 09:37:10',0,1,1,1,1,1,'2018-01-30 09:37:10',NULL,0),(63,'Test23','Test23','test23@polyu.edu.hk','$2y$10$LX9AnDIukwpO50qZ0UMsdujpRezdYw//mebjz.oxrqncg8Af1wfne','RK8WB3WsJ0C6gNBV1gH0XNxZUOzldVa2XDqq3vHJ48G4lVKXa3stttIIWSt8','2018-01-29 08:52:56','2018-01-30 09:37:36',0,1,1,1,1,1,'2018-01-30 09:37:36',NULL,0),(64,'Lee Man Hin','Henry','16071038d@connect.polyu.hk','$2y$10$aObtmqj0.2O6IL4auLFlE.yJ1LZbK6.XrNZ/5o3fh/Et7gzQyDQ5i','oCMheQu3L3mFmo3cxUXMXQv8o07dIaFEg8xqvvBDruP6RuKo0L2Dfc1ZfAsy','2018-01-31 06:50:35','2018-01-31 06:50:41',0,1,1,1,1,1,'2018-01-31 06:50:41',NULL,0),(65,'test999','test999','test999@test.com','$2y$10$vwSDeQPnVOuWlXwkcZ.TwetknqY2lf5axZAL.laUkdPf.IDuYcR3O',NULL,'2018-01-31 07:45:15','2018-01-31 07:46:04',0,1,1,1,1,1,'2018-01-31 07:46:04',NULL,0);
/*!40000 ALTER TABLE `users` ENABLE KEYS */;
UNLOCK TABLES;
/*!40103 SET TIME_ZONE=@OLD_TIME_ZONE */;

/*!40101 SET SQL_MODE=@OLD_SQL_MODE */;
/*!40014 SET FOREIGN_KEY_CHECKS=@OLD_FOREIGN_KEY_CHECKS */;
/*!40014 SET UNIQUE_CHECKS=@OLD_UNIQUE_CHECKS */;
/*!40101 SET CHARACTER_SET_CLIENT=@OLD_CHARACTER_SET_CLIENT */;
/*!40101 SET CHARACTER_SET_RESULTS=@OLD_CHARACTER_SET_RESULTS */;
/*!40101 SET COLLATION_CONNECTION=@OLD_COLLATION_CONNECTION */;
/*!40111 SET SQL_NOTES=@OLD_SQL_NOTES */;

-- Dump completed on 2018-02-03 17:08:37
